total_gen,wind_generation_mw,solar_generation_mw,gen_fuel_coal_mw,gen_fuel_gas_mw,gen_fuel_hydro_mw,gen_fuel_multiple_fuels_mw,gen_fuel_nuclear_mw,gen_fuel_oil_mw,gen_fuel_other_renewables_mw,gen_fuel_solar_mw,gen_fuel_storage_mw,gen_fuel_wind_mw,gen_fuel_coal_pct,gen_fuel_gas_pct,gen_fuel_hydro_pct,gen_fuel_multiple_fuels_pct,gen_fuel_nuclear_pct,gen_fuel_oil_pct,gen_fuel_other_renewables_pct,gen_fuel_solar_pct,gen_fuel_wind_pct,forecast_load_mw_latest_available,prelim_load_avg_hourly,metered_load_mw,rmccp,rmpcp,total_pjm_rt_load_mwh,total_pjm_loc_credit,total_pjm_reg_purchases,total_pjm_self_sched_reg,total_pjm_assigned_reg,total_pjm_rmccp_cr,total_pjm_rmpcp_cr,da_as_mcp_primary_reserve,da_as_mcp_synchronized_reserve,da_as_as_req_mw_primary_reserve,da_as_as_req_mw_synchronized_reserve,da_as_as_req_mw_thirty_minutes_reserve,da_as_as_mw_primary_reserve,da_as_as_mw_synchronized_reserve,da_as_as_mw_thirty_minutes_reserve,da_as_ss_mw_primary_reserve,da_as_nsr_mw_primary_reserve,system_energy_price_da,total_lmp_da,congestion_price_da,marginal_loss_price_da,system_energy_price_rt,total_lmp_rt,congestion_price_rt,marginal_loss_price_rt,net_actual_interchange_mw,net_sched_interchange_mw,net_inadv_interchange_mw,gross_actual_interchange_mw,gross_sched_interchange_mw,gross_inadv_interchange_mw
1.0,1.0,1.0,1.0,1.0,1.0,1.0,1.0,1.0,1.0,1.0,1.0,1.0,1.0,1.0,1.0,1.0,1.0,1.0,1.0,1.0,1.0,1.0,1.0,1.0,1.0,1.0,1.0,1.0,1.0,1.0,1.0,1.0,1.0,1.0,1.0,1.0,1.0,1.0,1.0,1.0,1.0,1.0,1.0,1.0,1.0,1.0,1.0,1.0,1.0,1.0,1.0,1.0,1.0,1.0,1.0,1.0,1.0
0.8859146,0.885402,0.71877193,1.0989009,0.88246405,0.6997028,0.77838856,1.1430033,0.8537391,0.90094227,1.0336167,0.7214929,1.1210079,1.0823675,0.7808302,0.80126214,0.8597452,0.8903119,0.85150695,0.83004314,0.7277694,0.7382019,0.7196309,0.7383612,0.9929517,0.76355726,0.7122101,0.78913677,0.74436504,0.7233704,0.70907325,0.7338736,0.7677088,0.73298764,0.89925444,0.76665795,0.77117324,0.8160883,0.6771412,0.76254565,0.7708276,0.7229154,0.7388379,0.8374995,0.94221187,0.82353747,0.8484212,1.1144764,0.8331897,0.885973,0.7615646,0.7604849,1.1562576,0.88933164,0.704338,0.8604607,0.82757944,0.8327749
0.7608711,0.76440835,0.5338976,1.0340024,0.7132282,0.5235657,0.64960605,1.0326105,0.694756,0.75734884,0.8711518,0.50383544,1.0069412,0.99378127,0.5887447,0.6558872,0.6927315,0.7946292,0.6796231,0.66540396,0.5387316,0.56576353,0.5233767,0.5730386,0.895417,0.58454007,0.5270654,0.6266504,0.56206113,0.5812268,0.5108943,0.5640918,0.6367829,0.5687983,0.8232734,0.5764403,0.5796156,0.6463824,0.47734395,0.5429731,0.5743078,0.57775795,0.5690521,0.6940882,0.8264102,0.69867116,0.7425982,1.0624493,0.72420275,0.724429,0.6104494,0.6596102,1.0766287,0.7168424,0.4835618,0.6856083,0.6119881,0.6796575
0.66791576,0.66308624,0.40289685,0.95458156,0.5736275,0.38473517,0.53430784,0.9251873,0.55285144,0.6370966,0.7174252,0.35434273,0.90604866,0.9061652,0.4401433,0.5557758,0.52736604,0.71495754,0.53182405,0.5401998,0.38768506,0.4506045,0.3725752,0.4373055,0.79522115,0.4413535,0.38546008,0.4927667,0.41832915,0.47275382,0.37040114,0.42568776,0.5029811,0.44750738,0.72047824,0.41272885,0.45332074,0.5261874,0.33087504,0.3845511,0.4187631,0.47534436,0.42971256,0.59243023,0.71074694,0.5922323,0.6442119,0.9854722,0.64500153,0.5792619,0.50328296,0.60553825,1.0137829,0.61149263,0.33271056,0.55910075,0.46447143,0.5554322
0.5731975,0.5799214,0.29646683,0.88440573,0.45731753,0.2842434,0.4535888,0.8174523,0.44800356,0.5379539,0.5919693,0.24321523,0.80800587,0.8258031,0.3334206,0.47265512,0.40903366,0.6351059,0.41573092,0.43223858,0.26883498,0.3587109,0.2606588,0.31522942,0.7107947,0.31716788,0.27884144,0.36849576,0.32724062,0.3832127,0.2636051,0.33064887,0.39498666,0.3468893,0.62446564,0.29421806,0.3603904,0.4364151,0.22988775,0.27665687,0.29412055,0.3954036,0.3361242,0.48629713,0.5975961,0.4817595,0.54548275,0.8771282,0.57381505,0.45957467,0.41454405,0.5919016,0.93414617,0.5099902,0.2279908,0.46843925,0.38265043,0.4591936
0.5007747,0.5179574,0.21531576,0.8351565,0.35957146,0.20343079,0.37955192,0.72994655,0.35180798,0.4627235,0.49175423,0.16766712,0.73197913,0.7704496,0.2563242,0.3961954,0.31672093,0.558212,0.32208613,0.3484747,0.18358733,0.28627962,0.17668816,0.2187603,0.6427217,0.22368939,0.19533595,0.27167574,0.24133214,0.32282162,0.18783426,0.25533032,0.29842156,0.26715896,0.5448598,0.20439316,0.29680476,0.36772057,0.15388969,0.19471727,0.20199406,0.33244923,0.2638854,0.40257552,0.4929694,0.39714268,0.47204962,0.790303,0.51124215,0.36320773,0.34550697,0.6013202,0.8680477,0.42452505,0.15645306,0.37832484,0.30133834,0.37818465
0.43506694,0.45064506,0.15501994,0.7784504,0.28935477,0.1436816,0.32219058,0.66438204,0.276823,0.39889425,0.40521464,0.11300646,0.6481776,0.7068225,0.19309746,0.3382525,0.2420669,0.48814934,0.25183275,0.27375653,0.122877225,0.22261798,0.119039044,0.1525466,0.5752558,0.15527855,0.13382289,0.1988587,0.17759961,0.2648332,0.1344812,0.20090997,0.21951313,0.19718747,0.46088117,0.13604264,0.24788234,0.3169856,0.10476993,0.13614076,0.13505451,0.2771169,0.20869522,0.3275346,0.40961725,0.31992033,0.38944313,0.7174937,0.4776258,0.2871164,0.29037488,0.6039425,0.80500585,0.35613084,0.10529107,0.31972834,0.25129837,0.31338286
0.37549412,0.4085657,0.11092651,0.73368204,0.23360616,0.0964314,0.29033184,0.6023536,0.21602313,0.34276584,0.33922398,0.07290858,0.5831678,0.6572724,0.14709653,0.2842564,0.19542459,0.43778974,0.20012781,0.21325171,0.08087238,0.17095844,0.07880051,0.10275338,0.5210886,0.1059314,0.09292184,0.1429109,0.123928204,0.22845706,0.093098015,0.1549001,0.16139065,0.14902112,0.3934878,0.09126933,0.20640148,0.2724722,0.071020536,0.095675245,0.08739512,0.23564935,0.16618906,0.2671103,0.33387643,0.25462002,0.32226905,0.6358442,0.46485236,0.24074201,0.24190588,0.6037103,0.74373007,0.2925454,0.06987188,0.27218136,0.20974694,0.2658951
0.33284256,0.36284623,0.080449484,0.69050616,0.18963255,0.064488366,0.25636858,0.5498998,0.16609006,0.31786412,0.286612,0.04738913,0.5107752,0.60018855,0.11106144,0.24962091,0.1503408,0.38372147,0.16467108,0.1646713,0.051305413,0.12574844,0.052723225,0.06728405,0.4654549,0.06973327,0.06364617,0.10129498,0.08660139,0.19707276,0.069284685,0.12028534,0.116438605,0.11674454,0.3414589,0.060355116,0.17473692,0.24145913,0.046031266,0.066559896,0.054966606,0.21231249,0.13308582,0.22281832,0.27481812,0.1973908,0.26441368,0.5729213,0.45347884,0.2070561,0.1975658,0.59803206,0.67542005,0.24171558,0.047764715,0.23996602,0.18934394,0.22410634
0.28934813,0.3242742,0.05664284,0.6491232,0.15394577,0.040357813,0.22964512,0.5030598,0.12579715,0.29261824,0.2472117,0.030042265,0.4533047,0.54546297,0.0824828,0.21305193,0.116362445,0.34474233,0.12842478,0.124357685,0.030961396,0.09177825,0.033618256,0.042643346,0.42205063,0.043712974,0.0432846,0.069461994,0.058997486,0.16804887,0.048616182,0.09773912,0.079665974,0.093384184,0.28949827,0.03682939,0.14603944,0.21459365,0.029647436,0.043920282,0.034224316,0.18747844,0.10964389,0.1830282,0.22704244,0.15127794,0.22883536,0.51777315,0.45113376,0.18284386,0.16783813,0.590738,0.6275008,0.19806363,0.03325986,0.22180696,0.18146095,0.19450554
0.25332075,0.3045876,0.039074134,0.61396617,0.12590869,0.024634443,0.20831287,0.45826805,0.094710566,0.27819622,0.21205722,0.018509775,0.41344884,0.50319284,0.06175409,0.19098587,0.09029909,0.30889428,0.10724316,0.09028833,0.017764233,0.06745954,0.020877142,0.026282823,0.38024977,0.025642281,0.028920762,0.048032552,0.03906,0.14659837,0.0352621,0.07464132,0.05271611,0.075841196,0.2477423,0.022656495,0.12694608,0.19739728,0.017786423,0.028168518,0.020580005,0.17638683,0.09440082,0.15478796,0.18358791,0.114661306,0.20185268,0.4590082,0.43608826,0.15522172,0.139577,0.5882064,0.57809114,0.1601238,0.022673592,0.20031208,0.17188695,0.16543068
0.22188021,0.27304068,0.026969574,0.5792194,0.10500963,0.014182062,0.18548915,0.42441517,0.06955542,0.26286718,0.19043607,0.011125763,0.37165385,0.4580026,0.044311296,0.16607845,0.065207474,0.2833191,0.08923818,0.06573805,0.009583811,0.04651059,0.012576841,0.01583561,0.34708822,0.014735072,0.01938244,0.032746486,0.02488166,0.13077429,0.025137676,0.059817705,0.03744109,0.060384877,0.21380875,0.013710461,0.112453565,0.18733281,0.010227603,0.017021548,0.011540367,0.16172737,0.08275472,0.13359046,0.15451124,0.08530394,0.18020308,0.41678867,0.43484202,0.14301246,0.12176162,0.56888926,0.5354382,0.12931536,0.015212893,0.18312131,0.16901317,0.14356352
0.19779278,0.24672657,0.017134195,0.55473465,0.08689367,0.007609478,0.16975097,0.3958869,0.05071651,0.25287095,0.16445185,0.0062449253,0.3335545,0.41675395,0.03202971,0.14574854,0.049494494,0.25835672,0.07625911,0.045800123,0.0048510483,0.031391304,0.007121521,0.008921574,0.31662008,0.007928499,0.012497646,0.021567151,0.015787246,0.11423743,0.0177125,0.04764136,0.025317255,0.049101926,0.18387206,0.0075760265,0.09376905,0.16831355,0.005482168,0.009909575,0.006074344,0.1551303,0.07716227,0.111627296,0.12239171,0.061512887,0.15771689,0.3838652,0.43418157,0.13120005,0.10302675,0.5658131,0.49361372,0.103407994,0.010767239,0.16620323,0.16507326,0.12756218
0.17213146,0.22656941,0.010506499,0.52878,0.070292495,0.003801854,0.15775499,0.3698148,0.036472537,0.24555008,0.14236075,0.0032901636,0.30437022,0.38245976,0.021606911,0.12711652,0.035596687,0.2378156,0.064735845,0.031632807,0.0022771857,0.0205636,0.0038827811,0.004913123,0.28971055,0.004050522,0.007697916,0.0138706835,0.009501623,0.103814945,0.012542731,0.035497505,0.016249564,0.04319994,0.15919976,0.0040743765,0.082341656,0.16027452,0.002786196,0.005385602,0.0029557834,0.15298483,0.06980811,0.09914998,0.096237764,0.043840762,0.14282137,0.3468703,0.43207067,0.12054876,0.08707398,0.5584802,0.46368253,0.08188364,0.00682152,0.15738347,0.15719049,0.11394421
0.14766449,0.20896474,0.006296089,0.49943066,0.0574812,0.0017866411,0.14699735,0.34939137,0.025309756,0.22739354,0.13172266,0.0016248734,0.2789722,0.35145578,0.014471958,0.11405962,0.024400128,0.2186732,0.055276852,0.02074126,0.0010011806,0.012817511,0.001952187,0.0025253128,0.26357207,0.0019544705,0.0042673764,0.008320583,0.00543945,0.09522638,0.0084576085,0.02766986,0.0102673685,0.036727633,0.1320504,0.0020105941,0.06935829,0.14650944,0.0013287565,0.002775351,0.0013318469,0.14497657,0.06448496,0.08624694,0.07605041,0.030441802,0.13412866,0.32135898,0.42541906,0.11000852,0.075632796,0.549012,0.43328574,0.06480205,0.004303729,0.15003388,0.1544279,0.10199247
0.13013059,0.19411053,0.00350772,0.480653,0.046353463,0.0007784351,0.14296569,0.32968926,0.017650606,0.2214392,0.11879107,0.0007280138,0.2561326,0.32510045,0.009105023,0.102262124,0.016690444,0.20587957,0.047734868,0.013336679,0.00040856225,0.0077650803,0.0009230653,0.001250142,0.24301825,0.00087858207,0.002169305,0.004927608,0.0029671586,0.08651958,0.005648967,0.019971738,0.006015224,0.033085432,0.11564484,0.0009374426,0.059484117,0.14191902,0.0005885879,0.0013393998,0.0005576828,0.1393633,0.05673822,0.074480005,0.058150418,0.019925324,0.12063236,0.30441698,0.42710128,0.10133109,0.07031095,0.52802014,0.4102839,0.049704462,0.0023782281,0.13486002,0.13998672,0.09155679
0.1105453,0.18263726,0.0018255744,0.45745668,0.036559146,0.00031558244,0.1376614,0.30581602,0.011410275,0.21615109,0.10745716,0.00029916858,0.24255973,0.296437,0.00541465,0.09546804,0.010339699,0.1916768,0.040719323,0.0081058815,0.00015347845,0.004550325,0.00040616698,0.00057251466,0.2207308,0.0003701678,0.0009605099,0.002725337,0.00146473,0.076367766,0.0032795402,0.014504254,0.0033675195,0.028581973,0.0970996,0.0004068752,0.051367138,0.14082061,0.00024348676,0.000607837,0.00021643245,0.12787142,0.057249922,0.06189638,0.044890933,0.013016124,0.11354764,0.28809333,0.42283326,0.09215072,0.060694523,0.5194334,0.3841106,0.03754469,0.0011927999,0.12974998,0.1373103,0.0829312
0.094778106,0.16835126,0.000899039,0.4391983,0.027485082,0.00011749311,0.13228595,0.28655067,0.007147764,0.20267129,0.099938616,0.00011315365,0.22413531,0.27336267,0.0029018773,0.08473103,0.0060683703,0.17762718,0.03612476,0.004654142,5.301221e-05,0.0024744002,0.00016631912,0.00024761804,0.19926752,0.00014489307,0.0003744665,0.0014511631,0.00068531214,0.073878005,0.0018516307,0.009641238,0.0018132487,0.026070155,0.085044906,0.0001649545,0.045023948,0.14255536,9.293374e-05,0.00025562255,7.730086e-05,0.12388098,0.052461185,0.05865508,0.034426212,0.008225449,0.10291277,0.26739037,0.41539353,0.08295889,0.05338202,0.51058286,0.36463782,0.02791245,0.0005362447,0.12341226,0.13532412,0.07673337
0.07704435,0.15560015,0.00041453252,0.42073584,0.020927055,4.0142233e-05,0.12827824,0.278552,0.004276353,0.19458696,0.0937628,3.9218e-05,0.20860213,0.25365084,0.0014740106,0.078472465,0.0032871275,0.16430998,0.031341027,0.0024987962,1.6726734e-05,0.0012873836,6.27128e-05,9.953558e-05,0.18675973,5.262206e-05,0.0001295877,0.00072017545,0.00029367703,0.06934378,0.0009826346,0.0064013856,0.000921347,0.023291403,0.07243052,6.151158e-05,0.03733214,0.13767713,3.2667765e-05,9.951475e-05,2.529141e-05,0.11771037,0.04616678,0.051221326,0.025376875,0.0049623484,0.10391451,0.24823976,0.40808573,0.07447809,0.044787876,0.5042155,0.34511733,0.019967942,0.0002144489,0.11634086,0.13273412,0.069387674
0.06630356,0.1474244,0.0001777066,0.40583506,0.015508626,1.2533844e-05,0.122068085,0.2683466,0.0024179625,0.18883917,0.086743645,1.2427521e-05,0.19415027,0.22985347,0.0006822224,0.07056621,0.0016720291,0.15846455,0.027306046,0.0012892991,4.799559e-06,0.0006400396,2.1860864e-05,3.730031e-05,0.1715549,1.7583397e-05,4.0100727e-05,0.00033987258,0.00011621586,0.06577063,0.000474151,0.003920033,0.0004417985,0.021073459,0.06434502,2.112635e-05,0.030534424,0.13581389,1.0547503e-05,3.5751305e-05,7.5425437e-06,0.1115603,0.04681501,0.046780564,0.01775377,0.0028717853,0.09711543,0.23490593,0.40773425,0.06794915,0.041940235,0.4890677,0.33284006,0.014140201,7.469142e-05,0.11279569,0.1262282,0.06485367
0.053976648,0.1414304,7.1080955e-05,0.39064065,0.011115874,3.5612338e-06,0.12056086,0.25148842,0.0012997403,0.17852028,0.083200134,3.5771438e-06,0.18726397,0.2200339,0.00029340346,0.07007023,0.0007922071,0.15071097,0.025053581,0.00061923254,1.2435105e-06,0.00029823062,6.9806674e-06,1.29090995e-05,0.15767924,5.3773692e-06,1.10983965e-05,0.0001509316,4.2617303e-05,0.060991928,0.00020244202,0.0022917292,0.00020014273,0.019704102,0.055299442,6.648338e-06,0.02431005,0.13244821,3.1046698e-06,1.1808656e-05,2.0380326e-06,0.107548386,0.04305078,0.042687908,0.012716902,0.001587115,0.08930126,0.21589112,0.4018256,0.06075387,0.036570963,0.47826645,0.31165603,0.009716069,2.2984572e-05,0.11001059,0.12329812,0.06301813
0.04510457,0.13423786,2.6361118e-05,0.37395614,0.0077488055,9.132426e-07,0.11744478,0.24905796,0.0006527509,0.17987514,0.07974459,9.305149e-07,0.17554054,0.2013238,0.000115423565,0.062828265,0.0003487028,0.14429998,0.021127645,0.00028247523,2.8897867e-07,0.00013130659,2.035004e-06,4.1027506e-06,0.14848693,1.4958263e-06,2.749435e-06,6.253064e-05,1.4375101e-05,0.06307931,8.071601e-05,0.001252825,8.5191394e-05,0.017712263,0.044978257,1.9040663e-06,0.019363293,0.13355808,8.281487e-07,3.5640867e-06,4.955358e-07,0.10454209,0.043250695,0.039456677,0.008834193,0.0008325555,0.080605224,0.22151302,0.38377586,0.050981876,0.032151017,0.46218145,0.30409265,0.0064916005,6.3754123e-06,0.108097404,0.12485691,0.05596303
0.03703204,0.12592918,9.023984e-06,0.3657674,0.0051044384,2.0999151e-07,0.114314474,0.2348518,0.000307682,0.1745788,0.07639951,2.1729713e-07,0.16861044,0.19000551,4.1846935e-05,0.06538244,0.00014224116,0.13905421,0.0186862,0.0001199493,5.97319e-08,5.402401e-05,5.372225e-07,1.1899796e-06,0.13664664,3.7610064e-07,6.0758225e-07,2.415038e-05,4.4213343e-06,0.05890352,2.9313154e-05,0.00063006766,3.383428e-05,0.01696954,0.04231152,4.937624e-07,0.014961405,0.1339461,1.9876565e-07,9.772493e-07,1.0757585e-07,0.10134302,0.04287263,0.034954455,0.0059613674,0.0004167959,0.07943518,0.20797463,0.3773511,0.044692244,0.029464498,0.45364633,0.2900197,0.004201289,1.5822553e-06,0.104493886,0.12241614,0.05178152
0.029843528,0.1203114,2.8350844e-06,0.35050756,0.0032771213,4.294386e-08,0.11446652,0.23073603,0.00013548137,0.17212167,0.07335479,4.5191623e-08,0.1620712,0.17902568,1.391161e-05,0.061451048,5.3902957e-05,0.13630262,0.015424819,4.757898e-05,1.0887662e-08,2.0737452e-05,1.275417e-07,3.1290645e-07,0.12893547,8.469619e-08,1.18790844e-07,8.6346645e-06,1.2372868e-06,0.05348906,9.682308e-06,0.00030178187,1.2486271e-05,0.0151693635,0.037497282,1.15029664e-07,0.010858058,0.1283127,4.2584485e-08,2.4172624e-07,2.0676076e-08,0.09676371,0.044079036,0.034352973,0.0037034121,0.00019580041,0.07432407,0.1966949,0.37328392,0.039667964,0.026487228,0.44672772,0.28357705,0.002632242,3.50684e-07,0.10263412,0.11861344,0.05108707
0.02371839,0.11550973,8.132477e-07,0.33909187,0.0019324142,7.741883e-09,0.1091654,0.2219059,5.5909943e-05,0.16446559,0.07035605,8.298358e-09,0.15519877,0.16957934,4.2196125e-06,0.057969693,1.8808734e-05,0.1309273,0.011834035,1.7535545e-05,1.7332187e-09,7.383636e-06,2.7023844e-08,7.407086e-08,0.11707712,1.6956593e-08,2.0389235e-08,2.8484321e-06,3.1286487e-07,0.05163096,2.9447488e-06,0.00013399683,4.2709626e-06,0.014822283,0.033412933,2.3882555e-08,0.008033656,0.13391808,8.075428e-09,5.3540276e-08,3.485813e-09,0.094056524,0.0422264,0.03227219,0.0022010796,8.704187e-05,0.07454396,0.19608997,0.37128732,0.035026137,0.023721864,0.4373284,0.26536208,0.0015722292,6.8891914e-08,0.102398574,0.11506186,0.0473498
0.018701231,0.10897612,2.116087e-07,0.3324192,0.0010783973,1.2187844e-09,0.111351244,0.21761781,2.156858e-05,0.16055557,0.06649469,1.332563e-09,0.148067,0.162454,1.1629887e-06,0.05688388,6.035718e-06,0.12424174,0.009275232,5.965548e-06,2.3844818e-10,2.422511e-06,5.0668687e-09,1.565825e-08,0.1086029,2.990636e-09,3.0423393e-09,8.6176965e-07,7.099429e-08,0.048235923,8.109588e-07,5.607582e-05,1.3444219e-06,0.0136180045,0.029892277,4.3804076e-09,0.0054110875,0.12696536,1.3428042e-09,1.0530691e-08,5.1032645e-10,0.08920582,0.03997391,0.03141676,0.0012784697,3.6271787e-05,0.07269764,0.1865001,0.36297154,0.03015249,0.022463543,0.42960802,0.2550468,0.00091365876,1.1890721e-08,0.09789579,0.10889312,0.047090467
0.014504903,0.10626201,4.956989e-08,0.31917048,0.00057892356,1.6577943e-10,0.10725696,0.21255217,7.689182e-06,0.15577853,0.06603415,1.8519014e-10,0.14522141,0.1554892,2.898367e-07,0.054323364,1.7669295e-06,0.12030942,0.0074440474,1.8685728e-06,2.8027162e-11,7.294223e-07,8.3276375e-10,2.9301805e-09,0.10154097,4.6004428e-10,3.9042605e-10,2.3755199e-07,1.4343301e-08,0.049152788,2.0183933e-07,2.1759779e-05,3.868004e-07,0.012903752,0.027180165,7.029843e-10,0.003612768,0.12776683,1.9380145e-10,1.8227004e-09,6.41632e-11,0.08834311,0.040395938,0.031808693,0.00071936805,1.4101069e-05,0.07203541,0.18140112,0.35745406,0.025907803,0.02115694,0.422725,0.24669348,0.0005083904,1.7865478e-09,0.09889334,0.11249723,0.043038417
0.01105289,0.10125594,1.0369616e-08,0.31309718,0.0002908402,1.925927e-11,0.10493581,0.20982787,2.5312195e-06,0.16059187,0.06482758,2.2021081e-11,0.13967374,0.14666623,6.4791976e-08,0.049989138,4.7007276e-07,0.11642933,0.00529996,5.3439214e-07,2.7795043e-12,2.0002906e-07,1.1874758e-10,4.808458e-10,0.09618694,6.1065465e-11,4.258503e-11,5.9231834e-08,2.5567557e-09,0.046629325,4.507747e-08,7.81886e-06,1.0104016e-07,0.012638072,0.0256946,9.769087e-11,0.0023006042,0.12493399,2.4008292e-11,2.7489083e-10,6.8451447e-12,0.08798282,0.040676046,0.029214278,0.00037111083,5.100432e-06,0.072870776,0.17227864,0.3496264,0.021666178,0.019426085,0.40883723,0.24152844,0.00027063786,2.311438e-10,0.094158515,0.1068169,0.04298265
0.008094537,0.09537848,1.9205517e-09,0.3040878,0.00013792556,1.8870777e-12,0.10349602,0.2050281,7.638157e-07,0.1551577,0.064556666,2.2128235e-12,0.13012195,0.14413357,1.2890067e-08,0.053581953,1.128701e-07,0.112354,0.003647908,1.3865218e-07,2.294038e-13,4.9634927e-08,1.4527449e-11,6.8488645e-11,0.089174315,6.913061e-12,3.8967805e-12,1.3262467e-08,3.98269e-10,0.045069233,8.955599e-09,2.5944466e-06,2.3802121e-08,0.011226895,0.022853402,1.1622655e-11,0.0013950296,0.12120956,2.5219779e-12,3.573393e-11,6.115102e-13,0.08308519,0.040259514,0.028710032,0.00018713227,1.7061367e-06,0.06697338,0.17295168,0.34494388,0.018422594,0.017741444,0.40113604,0.23025408,0.00013703966,2.5450267e-11,0.0938439,0.10514441,0.04182361
0.0058222124,0.09276701,3.1194e-10,0.29296654,6.132835e-05,1.5381182e-13,0.10161962,0.19864336,2.1019599e-07,0.15187101,0.06799343,1.8536579e-13,0.12819266,0.1373437,2.2617486e-09,0.04843453,2.4263429e-08,0.11140454,0.00230809,3.2426627e-08,1.5522197e-14,1.1059631e-08,1.5062503e-12,8.37261e-12,0.08356608,6.589773e-13,2.9490982e-13,2.644532e-09,5.3638878e-11,0.044624038,1.5692518e-09,7.908908e-07,5.0132214e-09,0.009433883,0.02004754,1.1691997e-12,0.00081084267,0.117559604,2.2167676e-13,3.956741e-12,4.5089383e-14,0.07877327,0.04048659,0.02845067,8.813526e-05,5.2484205e-07,0.06341793,0.1645954,0.33999175,0.015413226,0.017679587,0.39589915,0.22913736,6.582934e-05,2.3540473e-12,0.09023637,0.10245217,0.04102854
0.0040387516,0.08782497,4.397459e-11,0.28471854,2.5627367e-05,1.0272528e-14,0.102328144,0.19381101,5.238609e-08,0.15061913,0.06244394,1.27530365e-14,0.121079735,0.12733264,3.4660136e-10,0.045681942,4.6305364e-09,0.10734221,0.001429933,6.7785426e-09,8.469622e-16,2.1943132e-09,1.3059763e-13,8.677821e-13,0.07873591,5.215895e-14,1.817217e-14,4.6537418e-10,6.174164e-12,0.044011854,2.4011307e-10,2.1977284e-07,9.359883e-10,0.00863913,0.01814759,9.810696e-14,0.00044999132,0.113111675,1.6068508e-14,3.683994e-13,2.700923e-15,0.07842487,0.040639807,0.02634988,3.897216e-05,1.4751463e-07,0.061746027,0.1633013,0.33461002,0.012754819,0.016646264,0.3884033,0.22039641,2.9950395e-05,1.8033882e-13,0.088012494,0.100995675,0.041406736
0.0027091745,0.08590183,5.3201415e-12,0.27895296,9.987213e-06,5.5290864e-16,0.09844259,0.18674746,1.17329115e-08,0.13976012,0.05993188,7.089142e-16,0.12012272,0.12633339,4.589646e-11,0.044976573,7.7733675e-10,0.10614811,0.0008012935,1.2556601e-09,3.6597958e-17,3.8419315e-10,9.331286e-15,7.524167e-14,0.07249752,3.3759269e-15,8.961803e-16,7.156654e-11,5.9976086e-13,0.042111896,3.174345e-11,5.5341133e-08,1.5346784e-10,0.0075786114,0.017591584,6.7650624e-15,0.00024037343,0.11534051,9.453081e-16,2.843696e-14,1.2916863e-16,0.07739974,0.03962892,0.024662673,1.6182303e-05,3.7616825e-08,0.06309766,0.15806703,0.33151147,0.010429968,0.01580425,0.37747204,0.21373443,1.2829268e-05,1.1265708e-14,0.08809882,0.10145156,0.040987443
0.0017790928,0.08305837,5.456204e-13,0.2709277,3.6121144e-06,2.3550555e-17,0.095571406,0.18678373,2.3419977e-09,0.14170627,0.061393064,3.127258e-17,0.11798504,0.11781932,5.190496e-12,0.042251136,1.13633866e-10,0.10371147,0.0004196999,2.0416883e-10,1.2275917e-18,5.877626e-11,5.4067786e-16,5.3782768e-15,0.06937739,1.7569643e-16,3.4708512e-17,9.51561e-12,4.8492396e-14,0.040611472,3.5835844e-12,1.2536087e-08,2.1869975e-11,0.0065288497,0.014841065,3.7714896e-16,0.00012144074,0.110865,4.4350327e-17,1.7918533e-15,4.838203e-18,0.07464327,0.037025012,0.022544667,6.2701274e-06,8.6403e-09,0.059895262,0.1588194,0.32254836,0.008335083,0.015089154,0.37304738,0.20971118,5.154464e-06,5.641652e-16,0.08815315,0.09704659,0.040904183
0.0010983197,0.079553254,4.6801986e-14,0.2627383,1.2092372e-06,7.780267e-19,0.09714713,0.17843974,4.1290485e-10,0.13896674,0.058363885,1.0732997e-18,0.11366821,0.116241015,4.949733e-13,0.043897323,1.4306317e-11,0.10131789,0.00020708737,2.8840349e-11,3.1265485e-20,7.773184e-12,2.496098e-17,3.1188513e-16,0.06409051,7.2178945e-18,1.0338671e-18,1.0812267e-12,3.2143047e-15,0.039731808,3.4108382e-13,2.5334292e-09,2.6785928e-12,0.0050423257,0.013739018,1.6696632e-17,5.8184236e-05,0.10748505,1.6276416e-18,9.061296e-17,1.3896597e-19,0.07327646,0.03862249,0.022490341,2.264815e-06,1.7725977e-09,0.06077463,0.15500548,0.31506538,0.006559512,0.01548494,0.36610177,0.20847341,1.9326635e-06,2.2226626e-17,0.08737788,0.09575731,0.03979968
0.0006658424,0.07707762,3.3086782e-15,0.2589075,3.7214946e-07,1.94981e-20,0.094406605,0.17453413,6.367187e-11,0.1351378,0.05933986,2.8039255e-20,0.11011225,0.11117747,3.924989e-14,0.042789407,1.53267e-12,0.09836368,9.4851064e-05,3.4996595e-12,5.900153e-22,8.7833945e-13,9.004755e-19,1.4416224e-17,0.05894473,2.2934306e-19,2.3144817e-20,1.0366289e-13,1.7179168e-16,0.04032721,2.6990928e-14,4.5276452e-10,2.785394e-13,0.00407004,0.012707801,5.7548465e-19,2.6335334e-05,0.10628784,4.5740926e-20,3.609313e-18,2.9899471e-21,0.0717174,0.039320715,0.02191987,7.560694e-07,3.2200279e-10,0.0610408,0.15465,0.3071507,0.0050729383,0.015520235,0.36098403,0.19842012,6.7264443e-07,6.7477827e-19,0.08473499,0.09716971,0.037321493
0.00038607532,0.074376546,1.8969624e-16,0.2524618,1.04713166e-07,3.6166763e-22,0.09267971,0.17422278,8.4968066e-12,0.13226697,0.054754227,5.442217e-22,0.10879578,0.10708104,2.5488395e-15,0.039443873,1.3790335e-13,0.09537515,4.0447452e-05,3.6035538e-13,8.028397e-24,8.3723854e-14,2.4845974e-20,5.209362e-19,0.05446802,5.5106934e-21,3.7955448e-22,8.2701536e-15,7.269223e-18,0.037583992,1.7488266e-15,7.0862635e-11,2.4265822e-14,0.0025840693,0.012471375,1.5109412e-20,1.12193575e-05,0.1049348,9.613705e-22,1.1092987e-19,4.6952913e-23,0.06986177,0.039707363,0.021335077,2.3190309e-07,5.129464e-11,0.05799631,0.15120903,0.3023765,0.0038837877,0.014474544,0.35458604,0.19430406,2.1615952e-07,1.5428201e-20,0.084870756,0.095845446,0.03722874
0.00021388671,0.072040774,8.66533e-18,0.24502374,2.675061e-08,4.831273e-24,0.09088634,0.17062758,9.6987e-13,0.13283376,0.05568898,7.639226e-24,0.105453886,0.100106545,1.3329567e-16,0.039452594,1.0272287e-14,0.093734406,1.6118618e-05,3.1066732e-14,7.641266e-26,6.6389566e-15,5.120401e-22,1.4404173e-20,0.0502656,9.766259e-23,4.431266e-24,5.4072127e-16,2.3867451e-19,0.03376233,9.123503e-17,9.610817e-12,1.7453923e-15,0.0014363854,0.010861069,2.949637e-22,4.475358e-06,0.101589195,1.4721079e-23,2.5713434e-21,5.227874e-25,0.06886081,0.040411454,0.023065021,6.50427e-08,7.091037e-12,0.05909913,0.14544073,0.2966059,0.0028977268,0.014668939,0.3470065,0.18698616,6.373798e-08,2.5899732e-22,0.08297492,0.0923623,0.03690432
0.000113271475,0.07018586,3.092904e-19,0.23996165,6.1588996e-09,4.5079204e-26,0.08630798,0.16772412,9.35009e-14,0.13258228,0.054321032,7.5254335e-26,0.10384127,0.096408196,5.5113605e-18,0.03798404,6.235831e-16,0.09317673,5.962834e-06,2.2097902e-15,4.916625e-28,4.313031e-16,7.676518e-24,2.9762185e-22,0.04649105,1.2416037e-24,3.5673458e-26,2.849366e-17,5.9470813e-21,0.034542095,3.7623e-18,1.1166039e-12,1.0200835e-16,0.0006648388,0.010467168,4.167998e-24,1.6647587e-06,0.09673882,1.5950278e-25,4.3830598e-23,3.995466e-27,0.06635508,0.040952284,0.021252083,1.656134e-08,8.4105173e-13,0.058320325,0.14476609,0.2925238,0.0021209046,0.014154752,0.33993557,0.18657857,1.7131619e-08,3.1031857e-24,0.08196423,0.09129993,0.03718659
5.695685e-05,0.06724026,8.442252e-21,0.23303737,1.2675802e-09,2.838965e-28,0.08782785,0.16592462,7.508276e-15,0.130332,0.0542657,5.0301554e-28,0.10144907,0.08971499,1.7654456e-19,0.037858874,3.0322016e-17,0.09208082,2.045498e-06,1.2761973e-16,2.0579167e-30,2.2574814e-17,8.129589e-26,4.4758646e-24,0.042900227,1.0977062e-26,1.9104201e-28,1.1881314e-18,1.0971961e-22,0.03307595,1.2017058e-19,1.0974328e-13,4.759936e-18,0.00025302544,0.0093989605,4.1371406e-26,5.749983e-07,0.098155744,1.1835208e-27,5.341637e-25,2.0208839e-29,0.06493008,0.041114427,0.021008138,3.799146e-09,8.453049e-14,0.059795488,0.14433624,0.2860376,0.0015174556,0.013114828,0.3346281,0.18160503,4.167247e-09,2.5710145e-26,0.08033461,0.09242403,0.03649196
2.720676e-05,0.0665864,1.7207617e-22,0.22891739,2.3117794e-10,1.1609283e-30,0.08629857,0.1615719,4.946486e-16,0.13052809,0.054018654,2.1963047e-30,0.10118772,0.095369965,4.284151e-21,0.03836627,1.1588096e-18,0.09198592,6.4558066e-07,5.8794186e-18,5.3638064e-33,9.346087e-19,5.884573e-28,4.7574352e-26,0.039930675,6.5176864e-29,6.5348373e-31,3.8418484e-20,1.4583249e-24,0.033815105,2.9070035e-21,8.9998445e-15,1.7393968e-19,8.09014e-05,0.008902323,2.7892447e-28,1.831908e-07,0.09619772,5.7966008e-30,4.5100634e-27,6.490807e-32,0.062172927,0.03820359,0.020852316,7.790094e-10,7.1021616e-15,0.054970924,0.1408657,0.2792045,0.0010614294,0.0122191,0.32824746,0.17500103,9.102692e-10,1.4214578e-28,0.074090034,0.089582354,0.036046818
1.2300435e-05,0.0637274,2.5507366e-24,0.2270105,3.7005052e-11,2.94996e-33,0.083340116,0.1604754,2.6294184e-17,0.13049152,0.052412514,5.999706e-33,0.09972793,0.091091335,7.682373e-23,0.038106516,3.408514e-20,0.09134205,1.8672588e-07,2.1191827e-19,8.280944e-36,2.999113e-20,2.8054284e-30,3.4583792e-28,0.037031975,2.4986374e-31,1.3631891e-33,9.420471e-22,1.3543517e-26,0.032209415,5.1950422e-23,6.0666284e-16,4.872759e-21,2.2189932e-05,0.007594556,1.2297847e-30,5.3533082e-08,0.09292388,1.7974196e-32,2.5465067e-29,1.2628889e-34,0.06015146,0.03948991,0.019708777,1.4150274e-10,4.914823e-16,0.055684738,0.1364712,0.27540696,0.00072299124,0.013205176,0.31990337,0.17108095,1.7705039e-10,5.0375825e-31,0.07894947,0.08876964,0.035091102
5.2300265e-06,0.061459295,2.6698517e-26,0.22305039,5.14517e-12,4.4291528e-36,0.08086493,0.1585649,1.1073657e-18,0.12651815,0.051673688,9.7602966e-36,0.09592158,0.084534965,9.902421e-25,0.0388196,7.53984e-22,0.09211909,4.914801e-08,5.8494937e-21,7.1471e-39,7.2943365e-22,8.4463354e-33,1.6568954e-30,0.03474812,5.9137725e-34,1.6442846e-36,1.7088821e-23,8.4920655e-29,0.031485878,6.671268e-25,3.30648e-17,1.02209306e-22,5.323283e-06,0.007136343,3.3966578e-33,1.4253946e-08,0.09493802,3.364576e-35,9.23852e-32,1.4098604e-37,0.061217472,0.03802961,0.019323858,2.2554512e-11,2.7561418e-17,0.052216303,0.13646533,0.27049705,0.0004789798,0.012965846,0.31355143,0.17146984,3.0383838e-11,1.0931327e-33,0.07277193,0.086581975,0.034858417
2.0826737e-06,0.058989942,1.9091598e-28,0.21532777,6.1437547e-13,3.706945e-39,0.079742864,0.15521899,3.6211515e-20,0.1258918,0.050894998,8.931825e-39,0.092553556,0.085346185,8.8959475e-27,0.037306767,1.222503e-23,0.08808986,1.1690351e-08,1.2075103e-22,3.223e-42,1.3116744e-23,1.530669e-35,5.0167465e-33,0.03023807,8.208647e-37,1.078055e-39,2.2310078e-25,3.4584774e-31,0.031870667,5.968685e-27,1.4309932e-18,1.5637984e-24,1.1289164e-06,0.0065717073,5.5949553e-36,3.4326346e-09,0.09380229,3.599177e-38,2.0577818e-34,8.4783e-41,0.06067562,0.0388119,0.019261403,3.1218261e-12,1.2303053e-18,0.054149013,0.1296773,0.26280388,0.0003072344,0.01325288,0.30924144,0.17054038,4.5548842e-12,1.3779417e-36,0.07592585,0.087785825,0.034989063
7.734012e-07,0.05613629,8.9862255e-31,0.21232286,6.2228936e-14,1.616e-42,0.08437365,0.15305968,8.992316e-22,0.12187227,0.051989883,4.302e-42,0.08973228,0.0817836,5.3801816e-29,0.036358595,1.4119082e-25,0.08842335,2.49287e-09,1.815756e-24,0.0,1.696389e-25,1.5798581e-38,9.150621e-36,0.027083194,6.2962e-40,3.57e-43,2.0327692e-27,8.754753e-34,0.03232194,3.5935858e-29,4.8207734e-20,1.6950393e-26,2.1139664e-07,0.006257545,5.19283e-39,7.418815e-10,0.088816136,2.0641e-41,2.670872e-37,2.5e-44,0.059868835,0.038435794,0.020160802,3.7097774e-13,4.2865262e-20,0.05425731,0.13221401,0.25867033,0.00019110613,0.011891366,0.30552894,0.16177022,5.900535e-13,9.49214e-40,0.074413106,0.085706,0.033859737
2.668626e-07,0.05485773,2.6692167e-33,0.20940177,5.2748316e-15,0.0,0.08059056,0.15225288,1.6545045e-23,0.12444378,0.05243766,1e-45,0.08894559,0.08044317,2.1065035e-31,0.036491822,1.124968e-27,0.08880927,4.72543e-10,1.9314367e-26,0.0,1.5300004e-27,8.708e-42,9.51502e-39,0.024563964,2.5e-43,0.0,1.2487941e-29,1.3098194e-36,0.031053688,1.4000429e-31,1.2366822e-21,1.2598126e-28,3.4767098e-08,0.006091709,2.542e-42,1.4268345e-10,0.08736901,6e-45,1.9013e-40,0.0,0.057901368,0.03932294,0.021163162,3.7382224e-14,1.1406581e-21,0.050077125,0.12673905,0.2543455,0.00011467568,0.012389238,0.30142075,0.15772353,6.527552e-14,3.32e-43,0.07446853,0.08318008,0.034700423
8.495442e-08,0.054175727,4.7681994e-36,0.20476925,3.6869457e-16,0.0,0.0801478,0.14886723,2.1945418e-25,0.11957658,0.04773857,0.0,0.08949409,0.08131037,5.1070895e-34,0.037274674,5.9652614e-30,0.08689174,7.8884774e-11,1.4063622e-28,0.0,9.29603e-30,3e-45,5.289e-42,0.02114253,0.0,0.0,4.9750665e-32,1.092643e-39,0.03124405,3.3757854e-34,2.3577164e-23,6.1887286e-31,4.9733933e-09,0.0059839077,0.0,2.4195295e-11,0.08862777,0.0,6.9e-44,0.0,0.0591732,0.03710026,0.021106102,3.1512158e-15,2.2632705e-23,0.053113446,0.12443139,0.24724565,6.6345165e-05,0.0118724,0.2984266,0.1591253,6.0877224e-15,0.0,0.07021477,0.0852959,0.034827083
2.4810383e-08,0.052297145,4.846056e-39,0.2019184,2.0909286e-17,0.0,0.08055551,0.15022065,2.0352706e-27,0.1200018,0.04794778,0.0,0.08592103,0.079337016,7.2860624e-37,0.037375208,2.0211895e-32,0.0848886,1.148026e-11,6.755387e-31,0.0,3.6591482e-32,0.0,1e-45,0.018541712,0.0,0.0,1.2296994e-34,4.75e-43,0.030187594,4.786927e-37,3.2514058e-25,1.9275001e-33,6.124158e-10,0.0057825265,0.0,3.581298e-12,0.08719632,0.0,0.0,0.0,0.059531152,0.03878895,0.020185715,2.1895456e-16,3.2603454e-25,0.04990325,0.12596953,0.24405298,3.6870784e-05,0.0123329265,0.29294336,0.15514259,4.719417e-16,0.0,0.07105284,0.08452627,0.033834733
6.6019274e-09,0.050625857,2.626e-42,0.19486864,9.451691e-19,0.0,0.077416435,0.14441203,1.2752944e-29,0.116451055,0.04776989,0.0,0.08626367,0.0781307,5.76622e-40,0.037724376,4.1777534e-35,0.08676044,1.4405279e-12,2.0528119e-33,0.0,8.926035e-35,0.0,0.0,0.016145617,0.0,0.0,1.7925649e-37,0.0,0.029577127,3.76284e-40,3.1469574e-27,3.6296215e-36,6.4134704e-11,0.0050142333,0.0,4.5767627e-13,0.08499102,0.0,0.0,0.0,0.056879926,0.04231529,0.019557776,1.233811e-17,3.3099282e-27,0.049673636,0.12504502,0.24377283,1.9607221e-05,0.011699744,0.28789946,0.15510868,2.9947065e-17,0.0,0.07129321,0.08167744,0.032754574
1.5891221e-09,0.0482875,1e-45,0.19243792,3.339548e-20,0.0,0.07657007,0.14564031,5.194017e-32,0.11763765,0.049693827,0.0,0.08333822,0.07656502,2.37e-43,0.036024783,4.994557e-38,0.087204,1.5398483e-13,3.7621164e-36,0.0,1.2824524e-37,0.0,0.0,0.014034789,0.0,0.0,1.45329e-40,0.0,0.028863931,1.53e-43,2.0666101e-29,3.912557e-39,5.6371813e-12,0.00445531,0.0,4.99013e-14,0.0861593,0.0,0.0,0.0,0.057425223,0.03857952,0.019239042,5.538891e-19,2.2904966e-29,0.047773905,0.12510544,0.2375526,9.946709e-06,0.01138002,0.28806522,0.15263088,1.5293553e-18,0.0,0.07108168,0.08090871,0.03332061
3.433562e-10,0.04669743,0.0,0.1863556,9.026251e-22,0.0,0.0764322,0.14362541,1.3158863e-34,0.12025028,0.048431378,0.0,0.082728304,0.073819734,0.0,0.034626618,3.2462e-41,0.08697371,1.3839482e-14,3.935292e-39,0.0,1.02319e-40,0.0,0.0,0.01184338,0.0,0.0,6.2e-44,0.0,0.029342337,0.0,8.863589e-32,2.266e-42,4.0988542e-13,0.0035776508,0.0,4.5820315e-15,0.08285719,0.0,0.0,0.0,0.05448817,0.03900057,0.019433903,1.9425136e-20,1.0406257e-31,0.048423875,0.1180314,0.23437853,4.7990993e-06,0.009772867,0.2803723,0.15095307,6.169963e-20,0.0,0.069952935,0.081019446,0.03233208
6.6025414e-11,0.04570041,0.0,0.18410774,1.8222304e-23,0.0,0.077915624,0.142895,1.9719599e-37,0.11616844,0.049002413,0.0,0.08136738,0.07697521,0.0,0.035674267,1.1e-44,0.08710871,1.0308981e-15,2.203e-42,0.0,4.2e-44,0.0,0.0,0.009699886,0.0,0.0,0.0,0.0,0.02912879,0.0,2.3776348e-34,0.0,2.4265908e-14,0.0030608936,0.0,3.493275e-16,0.08356053,0.0,0.0,0.0,0.053896546,0.03675456,0.021757146,5.208086e-22,2.9745979e-34,0.047876332,0.118448064,0.23169945,2.1927385e-06,0.01114387,0.27724522,0.14715992,1.9265794e-21,0.0,0.068003446,0.08006785,0.03358915
1.1195609e-11,0.043995094,0.0,0.17940086,2.6758692e-25,0.0,0.079430275,0.13975747,1.64917e-40,0.11490292,0.050097823,0.0,0.08096694,0.07455758,0.0,0.03735673,0.0,0.08435145,6.265341e-17,0.0,0.0,0.0,0.0,0.0,0.007856124,0.0,0.0,0.0,0.0,0.027799385,0.0,3.796306e-37,0.0,1.1494588e-15,0.0027674318,0.0,2.1771481e-17,0.08281836,0.0,0.0,0.0,0.053917326,0.03985072,0.021423673,1.0422402e-23,5.0957544e-37,0.04755438,0.11929415,0.22906095,9.4521835e-07,0.011479259,0.27111742,0.14568706,4.5519865e-23,0.0,0.06614547,0.08127258,0.033127826
1.6572835e-12,0.04286213,0.0,0.17927292,2.774996e-27,0.0,0.07695986,0.13942593,7.1e-44,0.114322774,0.04772649,0.0,0.07990268,0.073173836,0.0,0.036824305,0.0,0.084003195,3.0536704e-18,0.0,0.0,0.0,0.0,0.0,0.0064189574,0.0,0.0,0.0,0.0,0.02873867,0.0,3.40737e-40,0.0,4.2739277e-17,0.0023960683,0.0,1.0904954e-18,0.083157815,0.0,0.0,0.0,0.05462435,0.038650703,0.021439483,1.5159663e-25,4.94623e-40,0.04511185,0.1161605,0.22545238,3.8262013e-07,0.010450273,0.2679084,0.14242111,7.9366753e-25,0.0,0.06426104,0.079884365,0.033097364
2.1184351e-13,0.04186914,0.0,0.17831434,1.9661828e-29,0.0,0.07299748,0.13695285,0.0,0.114442706,0.04621408,0.0,0.0808223,0.07354217,0.0,0.035430674,0.0,0.08568292,1.1711687e-19,0.0,0.0,0.0,0.0,0.0,0.0049509862,0.0,0.0,0.0,0.0,0.027532337,0.0,1.61e-43,0.0,1.2212837e-18,0.0019119026,0.0,4.308297e-20,0.083289176,0.0,0.0,0.0,0.05310516,0.037227307,0.019997839,1.5558697e-27,2.55e-43,0.048182208,0.11343993,0.22077242,1.4476032e-07,0.0099073285,0.26468152,0.14317411,9.93104e-27,0.0,0.06554924,0.08111113,0.03422939
2.310638e-14,0.04062459,0.0,0.17409717,9.17e-32,0.0,0.078033194,0.13670315,0.0,0.112089045,0.048303448,0.0,0.08184851,0.0727516,0.0,0.032861516,0.0,0.08585891,3.461532e-21,0.0,0.0,0.0,0.0,0.0,0.0037742197,0.0,0.0,0.0,0.0,0.027967978,0.0,0.0,0.0,2.6200513e-20,0.0013825482,0.0,1.3151325e-21,0.080886394,0.0,0.0,0.0,0.051467717,0.039557472,0.020190667,1.0899357e-29,0.0,0.04780789,0.10903861,0.21890776,5.092209e-08,0.009357552,0.25870824,0.14089084,8.6445715e-29,0.0,0.063173205,0.07848956,0.034061577
2.1227878e-15,0.03969678,0.0,0.17283076,2.698731e-34,0.0,0.07841489,0.1328292,0.0,0.11061341,0.046951827,0.0,0.08043548,0.07362381,0.0,0.032907713,0.0,0.085645914,7.704492e-23,0.0,0.0,0.0,0.0,0.0,0.0027888322,0.0,0.0,0.0,0.0,0.027331157,0.0,0.0,0.0,4.111897e-22,0.0009857223,0.0,3.031886e-23,0.08281533,0.0,0.0,0.0,0.051997446,0.03940433,0.020859828,5.020395e-32,0.0,0.047891885,0.11198801,0.21294683,1.6561875e-08,0.009087633,0.25698173,0.1381706,5.05476e-31,0.0,0.063890815,0.07784598,0.03415426
1.6194858e-16,0.038062453,0.0,0.17072277,4.7758924e-37,0.0,0.07323916,0.13394676,0.0,0.112509415,0.04619205,0.0,0.07950963,0.0716828,0.0,0.032987297,0.0,0.082785465,1.2587174e-24,0.0,0.0,0.0,0.0,0.0,0.0019896857,0.0,0.0,0.0,0.0,0.027337054,0.0,0.0,0.0,4.5863446e-24,0.0006566368,0.0,5.147011e-25,0.07935186,0.0,0.0,0.0,0.05204459,0.0397648,0.019520223,1.4573995e-34,0.0,0.046200894,0.11442753,0.21179749,4.9503797e-09,0.009090322,0.25126132,0.13441359,1.9086127e-33,0.0,0.06541091,0.078168,0.034240257
1.0101777e-17,0.035858918,0.0,0.16708608,4.80745e-40,0.0,0.07357376,0.13342063,0.0,0.1124077,0.04614107,0.0,0.07663491,0.07014242,0.0,0.03276395,0.0,0.08441726,1.467044e-26,0.0,0.0,0.0,0.0,0.0,0.0014056432,0.0,0.0,0.0,0.0,0.02691047,0.0,0.0,0.0,3.5200394e-26,0.000381346,0.0,6.2557675e-27,0.078637436,0.0,0.0,0.0,0.05098238,0.039348636,0.020411327,2.540387e-37,0.0,0.049293276,0.10871378,0.20669433,1.3509612e-09,0.009250391,0.25033975,0.13096242,4.4493484e-36,0.0,0.06403686,0.07881137,0.03289185
5.064917e-19,0.035078187,0.0,0.16484849,2.58e-43,0.0,0.07422098,0.13318364,0.0,0.107298665,0.044755526,0.0,0.07702953,0.071499884,0.0,0.031940512,0.0,0.08618359,1.181546e-28,0.0,0.0,0.0,0.0,0.0,0.000949906,0.0,0.0,0.0,0.0,0.026435854,0.0,0.0,0.0,1.7926623e-28,0.00019932275,0.0,5.275182e-29,0.07622514,0.0,0.0,0.0,0.04944271,0.03727119,0.020547042,2.51456e-40,0.0,0.045791287,0.10730312,0.20092826,3.3423148e-10,0.009290262,0.24661823,0.13136819,6.08239e-39,0.0,0.062189754,0.07777227,0.034279395
2.0034101e-20,0.03402854,0.0,0.16230305,0.0,0.0,0.069764405,0.13278197,0.0,0.109316476,0.04497473,0.0,0.07736748,0.0701232,0.0,0.033620518,0.0,0.08091959,6.344489e-31,0.0,0.0,0.0,0.0,0.0,0.00060814177,0.0,0.0,0.0,0.0,0.026060998,0.0,0.0,0.0,5.8137e-31,9.787047e-05,0.0,2.9791414e-31,0.07880208,0.0,0.0,0.0,0.051367197,0.03928034,0.018972784,1.33e-43,0.0,0.046438873,0.10414887,0.20019303,7.439038e-11,0.0089000175,0.23968029,0.13085593,4.593e-42,0.0,0.06535611,0.076043986,0.03223672
6.123976e-22,0.03266234,0.0,0.15984969,0.0,0.0,0.07165109,0.13226,0.0,0.11082897,0.04563773,0.0,0.076560676,0.068626516,0.0,0.031711508,0.0,0.0824664,2.181188e-33,0.0,0.0,0.0,0.0,0.0,0.00038599345,0.0,0.0,0.0,0.0,0.026534257,0.0,0.0,0.0,1.1456191e-33,4.4147037e-05,0.0,1.0827219e-33,0.076565154,0.0,0.0,0.0,0.049790498,0.03609561,0.019334586,0.0,0.0,0.049587745,0.10351537,0.19514701,1.4771817e-11,0.008895424,0.23773794,0.12937577,1e-45,0.0,0.06287066,0.073526666,0.03263127
1.4140504e-23,0.03175575,0.0,0.1589896,0.0,0.0,0.07059647,0.1305524,0.0,0.10975607,0.04457207,0.0,0.07673495,0.06808323,0.0,0.033440765,0.0,0.08187834,4.584685e-36,0.0,0.0,0.0,0.0,0.0,0.00023378056,0.0,0.0,0.0,0.0,0.025795907,0.0,0.0,0.0,1.2996635e-36,1.8356774e-05,0.0,2.419922e-36,0.07717725,0.0,0.0,0.0,0.051960085,0.037674863,0.019639775,0.0,0.0,0.04746367,0.102147415,0.19366008,2.5934341e-12,0.008343654,0.23406687,0.1281818,0.0,0.0,0.06070085,0.07250328,0.03210797
2.4048772e-25,0.0303036,0.0,0.15586972,0.0,0.0,0.07276519,0.12958725,0.0,0.10786983,0.04534616,0.0,0.07602837,0.06605021,0.0,0.031214498,0.0,0.08102532,5.587673e-39,0.0,0.0,0.0,0.0,0.0,0.00013620603,0.0,0.0,0.0,0.0,0.025864454,0.0,0.0,0.0,7.97216e-40,7.1196105e-06,0.0,3.157324e-39,0.077472016,0.0,0.0,0.0,0.049287815,0.039214015,0.020640371,0.0,0.0,0.04996136,0.10497997,0.19128479,3.9863515e-13,0.008116586,0.23273398,0.12574781,0.0,0.0,0.059693884,0.07307444,0.032536622
2.928924e-27,0.028862074,0.0,0.15432525,0.0,0.0,0.06946673,0.12861085,0.0,0.108844176,0.04403725,0.0,0.075329095,0.06715845,0.0,0.030981455,0.0,0.08067925,3.713e-42,0.0,0.0,0.0,0.0,0.0,7.5511154e-05,0.0,0.0,0.0,0.0,0.025901584,0.0,0.0,0.0,2.45e-43,2.5629822e-06,0.0,2.263e-42,0.07381836,0.0,0.0,0.0,0.047546614,0.03867458,0.021087635,0.0,0.0,0.04809091,0.10028557,0.18906662,5.307586e-14,0.0082390765,0.22844261,0.124132216,0.0,0.0,0.062328357,0.072923124,0.032224897
2.4755324e-29,0.027755685,0.0,0.15281156,0.0,0.0,0.07051956,0.12746605,0.0,0.10592428,0.04455227,0.0,0.07518439,0.06553807,0.0,0.031123372,0.0,0.08050005,1e-45,0.0,0.0,0.0,0.0,0.0,3.994738e-05,0.0,0.0,0.0,0.0,0.025039896,0.0,0.0,0.0,0.0,8.537158e-07,0.0,1e-45,0.07457397,0.0,0.0,0.0,0.049059566,0.041745894,0.022101747,0.0,0.0,0.046822086,0.10406041,0.18699428,6.0504614e-15,0.0077565624,0.22584325,0.12117023,0.0,0.0,0.05935316,0.072997965,0.03198716
1.4016948e-31,0.026348984,0.0,0.15006402,0.0,0.0,0.0713797,0.12559165,0.0,0.103778824,0.045079604,0.0,0.07469525,0.064302616,0.0,0.031846993,0.0,0.07986699,0.0,0.0,0.0,0.0,0.0,0.0,2.0159836e-05,0.0,0.0,0.0,0.0,0.024539176,0.0,0.0,0.0,0.0,2.6170312e-07,0.0,0.0,0.072583154,0.0,0.0,0.0,0.048866283,0.039777912,0.021286936,0.0,0.0,0.046901386,0.09968335,0.18448488,5.830994e-16,0.0083341,0.22349313,0.12010794,0.0,0.0,0.061309718,0.07023906,0.032451943
5.1092063e-34,0.025101272,0.0,0.14839736,0.0,0.0,0.07035064,0.124859415,0.0,0.104594834,0.045643996,0.0,0.074282296,0.064347826,0.0,0.031779926,0.0,0.079686075,0.0,0.0,0.0,0.0,0.0,0.0,9.652027e-06,0.0,0.0,0.0,0.0,0.024409989,0.0,0.0,0.0,0.0,7.337442e-08,0.0,0.0,0.07336086,0.0,0.0,0.0,0.048627865,0.038664073,0.022181317,0.0,0.0,0.047561273,0.101173945,0.18148045,4.6853826e-17,0.008830404,0.22123156,0.1193059,0.0,0.0,0.05901538,0.07021001,0.032371074
1.1456991e-36,0.024020992,0.0,0.14590019,0.0,0.0,0.07191423,0.12535837,0.0,0.10576265,0.044853132,0.0,0.07445976,0.06374532,0.0,0.030548373,0.0,0.07887596,0.0,0.0,0.0,0.0,0.0,0.0,4.3679206e-06,0.0,0.0,0.0,0.0,0.023769459,0.0,0.0,0.0,0.0,1.8688935e-08,0.0,0.0,0.07249895,0.0,0.0,0.0,0.048329335,0.036409613,0.021018745,0.0,0.0,0.048411343,0.095886454,0.17728245,3.0918293e-18,0.007950392,0.21949854,0.11814996,0.0,0.0,0.06006045,0.07293414,0.032011922
1.500393e-39,0.022911297,0.0,0.14729767,0.0,0.0,0.06979127,0.12357614,0.0,0.101376235,0.045365974,0.0,0.07375102,0.06565881,0.0,0.029754225,0.0,0.07944195,0.0,0.0,0.0,0.0,0.0,0.0,1.8612516e-06,0.0,0.0,0.0,0.0,0.024918957,0.0,0.0,0.0,0.0,4.2922337e-09,0.0,0.0,0.073965736,0.0,0.0,0.0,0.046171233,0.038540926,0.021361608,0.0,0.0,0.04647148,0.09770768,0.1770609,1.6479396e-19,0.0077878614,0.2153329,0.118514106,0.0,0.0,0.059791632,0.072243996,0.03262519
1.08e-42,0.021522354,0.0,0.14498746,0.0,0.0,0.06793337,0.12168275,0.0,0.104667045,0.044765353,0.0,0.0728518,0.06437619,0.0,0.028310794,0.0,0.08131931,0.0,0.0,0.0,0.0,0.0,0.0,7.4381757e-07,0.0,0.0,0.0,0.0,0.02412567,0.0,0.0,0.0,0.0,8.8167545e-10,0.0,0.0,0.072854236,0.0,0.0,0.0,0.04598473,0.038582254,0.021401845,0.0,0.0,0.051172685,0.090772,0.17296419,6.96628e-21,0.007457331,0.21442555,0.115923874,0.0,0.0,0.059127726,0.070285864,0.030059192
0.0,0.020652976,0.0,0.14232409,0.0,0.0,0.06724976,0.121264726,0.0,0.10273259,0.043955617,0.0,0.073600575,0.06465361,0.0,0.030250784,0.0,0.07756499,0.0,0.0,0.0,0.0,0.0,0.0,2.7737502e-07,0.0,0.0,0.0,0.0,0.024632385,0.0,0.0,0.0,0.0,1.6055884e-10,0.0,0.0,0.072804764,0.0,0.0,0.0,0.045682374,0.039033003,0.019873757,0.0,0.0,0.046053663,0.095610976,0.17327246,2.2891491e-22,0.0077920686,0.20905666,0.11396622,0.0,0.0,0.05734108,0.070017405,0.033432823
0.0,0.019516088,0.0,0.14032267,0.0,0.0,0.06947432,0.12147743,0.0,0.100950815,0.04532189,0.0,0.074812844,0.0624226,0.0,0.030114105,0.0,0.078122236,0.0,0.0,0.0,0.0,0.0,0.0,9.60669e-08,0.0,0.0,0.0,0.0,0.024507208,0.0,0.0,0.0,0.0,2.5674133e-11,0.0,0.0,0.07177298,0.0,0.0,0.0,0.045601554,0.037343804,0.021076003,0.0,0.0,0.049215518,0.092533,0.16702774,5.71914e-24,0.0070864935,0.21043289,0.115579866,0.0,0.0,0.056564245,0.07149545,0.033060994
0.0,0.01819696,0.0,0.14186737,0.0,0.0,0.06689681,0.118938014,0.0,0.101544045,0.042060375,0.0,0.073989116,0.06313495,0.0,0.028399741,0.0,0.07884349,0.0,0.0,0.0,0.0,0.0,0.0,3.0724532e-08,0.0,0.0,0.0,0.0,0.024006309,0.0,0.0,0.0,0.0,3.5675397e-12,0.0,0.0,0.07381394,0.0,0.0,0.0,0.045840304,0.037597865,0.02092108,0.0,0.0,0.04545593,0.091058746,0.16681686,1.0600032e-25,0.0065304614,0.20747286,0.11214626,0.0,0.0,0.05903542,0.068926066,0.033471417
0.0,0.017591082,0.0,0.1370238,0.0,0.0,0.069675624,0.11990466,0.0,0.09733253,0.042925157,0.0,0.076426916,0.06134602,0.0,0.02830767,0.0,0.079369225,0.0,0.0,0.0,0.0,0.0,0.0,9.0184304e-09,0.0,0.0,0.0,0.0,0.023175307,0.0,0.0,0.0,0.0,4.259177e-13,0.0,0.0,0.071477406,0.0,0.0,0.0,0.047107942,0.03541076,0.020658083,0.0,0.0,0.04610418,0.09201261,0.16521364,1.4182415e-27,0.007137238,0.20494434,0.1137046,0.0,0.0,0.058761,0.06713031,0.032411803
0.0,0.01633653,0.0,0.13832708,0.0,0.0,0.06992008,0.119286984,0.0,0.10073078,0.042286947,0.0,0.07479912,0.059930786,0.0,0.029084131,0.0,0.077266194,0.0,0.0,0.0,0.0,0.0,0.0,2.4131745e-09,0.0,0.0,0.0,0.0,0.022350224,0.0,0.0,0.0,0.0,4.3151528e-14,0.0,0.0,0.06920448,0.0,0.0,0.0,0.04552678,0.03534086,0.021570433,0.0,0.0,0.04799219,0.09521032,0.16282806,1.3287146e-29,0.006639814,0.20298097,0.11178574,0.0,0.0,0.0594612,0.06683335,0.03185511
0.0,0.015498277,0.0,0.13542095,0.0,0.0,0.06701983,0.1170317,0.0,0.10130268,0.04315843,0.0,0.07725813,0.05983847,0.0,0.028596938,0.0,0.07766729,0.0,0.0,0.0,0.0,0.0,0.0,5.8450644e-10,0.0,0.0,0.0,0.0,0.022772238,0.0,0.0,0.0,0.0,3.6603097e-15,0.0,0.0,0.070587724,0.0,0.0,0.0,0.043946788,0.0358262,0.02028626,0.0,0.0,0.044826772,0.0888024,0.16245794,8.4239604e-32,0.006489937,0.20209241,0.109012194,0.0,0.0,0.059886724,0.06820127,0.031847306
0.0,0.013992744,0.0,0.13439076,0.0,0.0,0.06840003,0.11621361,0.0,0.09949816,0.04238204,0.0,0.073674604,0.059884958,0.0,0.028468506,0.0,0.078993134,0.0,0.0,0.0,0.0,0.0,0.0,1.2715244e-10,0.0,0.0,0.0,0.0,0.023038859,0.0,0.0,0.0,0.0,2.56143e-16,0.0,0.0,0.07128085,0.0,0.0,0.0,0.044363033,0.035241462,0.019785522,0.0,0.0,0.046186257,0.09082045,0.16095053,3.4775425e-34,0.006459959,0.20017765,0.11055103,0.0,0.0,0.059649747,0.06532955,0.0322761
0.0,0.0133324675,0.0,0.13101467,0.0,0.0,0.06801615,0.11529588,0.0,0.10023776,0.042987928,0.0,0.07659225,0.05844798,0.0,0.02925705,0.0,0.076591164,0.0,0.0,0.0,0.0,0.0,0.0,2.4634003e-11,0.0,0.0,0.0,0.0,0.021958133,0.0,0.0,0.0,0.0,1.455013e-17,0.0,0.0,0.06944121,0.0,0.0,0.0,0.044535242,0.036854167,0.019358335,0.0,0.0,0.044356212,0.091470644,0.16007578,8.947513e-37,0.0060989372,0.19707617,0.10901785,0.0,0.0,0.058173593,0.06700223,0.030794041
0.0,0.012277251,0.0,0.13090257,0.0,0.0,0.06907371,0.115069725,0.0,0.09921526,0.043709204,0.0,0.07724693,0.059189994,0.0,0.02901058,0.0,0.07839099,0.0,0.0,0.0,0.0,0.0,0.0,4.2113947e-12,0.0,0.0,0.0,0.0,0.021597473,0.0,0.0,0.0,0.0,6.5912016e-19,0.0,0.0,0.07017119,0.0,0.0,0.0,0.043870408,0.036680248,0.020605154,0.0,0.0,0.045912508,0.08920904,0.15790613,1.36477e-39,0.006049662,0.19458434,0.10748037,0.0,0.0,0.05648026,0.062763706,0.031570297
0.0,0.010911399,0.0,0.13016118,0.0,0.0,0.06753832,0.11477409,0.0,0.09840655,0.044194765,0.0,0.07461921,0.057730995,0.0,0.027850365,0.0,0.07786893,0.0,0.0,0.0,0.0,0.0,0.0,6.290148e-13,0.0,0.0,0.0,0.0,0.02197923,0.0,0.0,0.0,0.0,2.3350543e-20,0.0,0.0,0.06972859,0.0,0.0,0.0,0.04468536,0.03640268,0.020099696,0.0,0.0,0.045445576,0.08923418,0.15620258,1.164e-42,0.005808155,0.19237101,0.10886051,0.0,0.0,0.057553362,0.06470728,0.032440923
0.0,0.0099543985,0.0,0.12979393,0.0,0.0,0.0631486,0.114976645,0.0,0.096609004,0.044212304,0.0,0.07487163,0.05941752,0.0,0.029331418,0.0,0.07557759,0.0,0.0,0.0,0.0,0.0,0.0,8.119343e-14,0.0,0.0,0.0,0.0,0.022758348,0.0,0.0,0.0,0.0,6.331533e-22,0.0,0.0,0.06805875,0.0,0.0,0.0,0.042119052,0.03287288,0.0190886,0.0,0.0,0.044651,0.089860514,0.15562978,0.0,0.0062684645,0.19111514,0.10701163,0.0,0.0,0.0565704,0.06546842,0.03338138
0.0,0.009086596,0.0,0.12618111,0.0,0.0,0.06349237,0.11436904,0.0,0.09588186,0.042917114,0.0,0.075699545,0.058402274,0.0,0.028286882,0.0,0.07496543,0.0,0.0,0.0,0.0,0.0,0.0,8.9508335e-15,0.0,0.0,0.0,0.0,0.021452181,0.0,0.0,0.0,0.0,1.2830739e-23,0.0,0.0,0.06872703,0.0,0.0,0.0,0.042684175,0.036989417,0.018733798,0.0,0.0,0.045118466,0.09102388,0.15174462,0.0,0.0057040993,0.1888788,0.108309634,0.0,0.0,0.057827108,0.06468198,0.032506716
0.0,0.008027788,0.0,0.1291366,0.0,0.0,0.0635927,0.112497665,0.0,0.09544288,0.04043402,0.0,0.07548951,0.058272284,0.0,0.028423766,0.0,0.07387358,0.0,0.0,0.0,0.0,0.0,0.0,8.3192336e-16,0.0,0.0,0.0,0.0,0.02296077,0.0,0.0,0.0,0.0,1.8924946e-25,0.0,0.0,0.06861172,0.0,0.0,0.0,0.041015606,0.03499551,0.01908604,0.0,0.0,0.04268703,0.08981682,0.15205659,0.0,0.0052360618,0.18577033,0.10667754,0.0,0.0,0.05536969,0.06721642,0.032929026
0.0,0.0072120824,0.0,0.12598084,0.0,0.0,0.06356386,0.11218075,0.0,0.09518687,0.04222384,0.0,0.07626655,0.057240617,0.0,0.029025404,0.0,0.075368,0.0,0.0,0.0,0.0,0.0,0.0,6.4276453e-17,0.0,0.0,0.0,0.0,0.022778856,0.0,0.0,0.0,0.0,1.9726547e-27,0.0,0.0,0.0696036,0.0,0.0,0.0,0.041454975,0.034490373,0.01942959,0.0,0.0,0.044568084,0.08606513,0.14874877,0.0,0.00545306,0.18728471,0.10268479,0.0,0.0,0.057055064,0.06452449,0.03243372
0.0,0.006336037,0.0,0.12462995,0.0,0.0,0.06408491,0.11058696,0.0,0.09701571,0.04149774,0.0,0.07517557,0.057793368,0.0,0.028958982,0.0,0.07348983,0.0,0.0,0.0,0.0,0.0,0.0,4.0650455e-18,0.0,0.0,0.0,0.0,0.02377923,0.0,0.0,0.0,0.0,1.4059123e-29,0.0,0.0,0.06750169,0.0,0.0,0.0,0.041565474,0.034576792,0.019502513,0.0,0.0,0.044078752,0.086807415,0.1478563,0.0,0.0046840375,0.1840371,0.10402536,0.0,0.0,0.057183944,0.0643253,0.030911535
0.0,0.0056215515,0.0,0.12259088,0.0,0.0,0.06362428,0.109382264,0.0,0.09508853,0.04293819,0.0,0.07653757,0.05762147,0.0,0.02749948,0.0,0.07632354,0.0,0.0,0.0,0.0,0.0,0.0,2.0690695e-19,0.0,0.0,0.0,0.0,0.022996774,0.0,0.0,0.0,0.0,6.600967e-32,0.0,0.0,0.06964884,0.0,0.0,0.0,0.04195252,0.033390734,0.018729182,0.0,0.0,0.045888312,0.083771005,0.14661397,0.0,0.0049236054,0.18253352,0.10428997,0.0,0.0,0.05494749,0.0648175,0.033466414
0.0,0.004803908,0.0,0.12302981,0.0,0.0,0.06350766,0.11155168,0.0,0.09293405,0.04211033,0.0,0.076477185,0.054235425,0.0,0.029081527,0.0,0.076009765,0.0,0.0,0.0,0.0,0.0,0.0,8.319597e-21,0.0,0.0,0.0,0.0,0.021400748,0.0,0.0,0.0,0.0,1.957511e-34,0.0,0.0,0.06815212,0.0,0.0,0.0,0.041668,0.031168167,0.019741805,0.0,0.0,0.044440433,0.0846184,0.14635232,0.0,0.0054476736,0.17836088,0.101926915,0.0,0.0,0.056679063,0.06563384,0.031394962
0.0,0.004187658,0.0,0.12347772,0.0,0.0,0.06247084,0.110436745,0.0,0.091420785,0.040915605,0.0,0.07788591,0.05692856,0.0,0.02942157,0.0,0.07575885,0.0,0.0,0.0,0.0,0.0,0.0,2.589087e-22,0.0,0.0,0.0,0.0,0.02151331,0.0,0.0,0.0,0.0,3.4942711e-37,0.0,0.0,0.06714192,0.0,0.0,0.0,0.04292483,0.032104917,0.018796833,0.0,0.0,0.044179793,0.080147766,0.14422895,0.0,0.005445331,0.17839521,0.10429821,0.0,0.0,0.05415243,0.065351844,0.032606956
0.0,0.0034673496,0.0,0.12084852,0.0,0.0,0.06484059,0.11044763,0.0,0.09220078,0.04084086,0.0,0.07582436,0.05575419,0.0,0.028071415,0.0,0.07373628,0.0,0.0,0.0,0.0,0.0,0.0,6.0964883e-24,0.0,0.0,0.0,0.0,0.022475071,0.0,0.0,0.0,0.0,3.55212e-40,0.0,0.0,0.06977247,0.0,0.0,0.0,0.041323133,0.0332363,0.018107517,0.0,0.0,0.041712068,0.08348445,0.14095068,0.0,0.005566514,0.17724144,0.10049517,0.0,0.0,0.05677538,0.06611753,0.029594233
0.0,0.002903258,0.0,0.120238945,0.0,0.0,0.063278355,0.109340854,0.0,0.09172448,0.0401954,0.0,0.076162025,0.056639336,0.0,0.02914667,0.0,0.07290724,0.0,0.0,0.0,0.0,0.0,0.0,1.0592689e-25,0.0,0.0,0.0,0.0,0.020965438,0.0,0.0,0.0,0.0,1.93e-43,0.0,0.0,0.066023,0.0,0.0,0.0,0.041717667,0.03425361,0.019209938,0.0,0.0,0.04112107,0.08053832,0.14090031,0.0,0.005421926,0.17530346,0.09960244,0.0,0.0,0.055937022,0.06417439,0.030494122
0.0,0.0024104542,0.0,0.11734751,0.0,0.0,0.065838866,0.107397884,0.0,0.09455978,0.0408241,0.0,0.07635688,0.05364828,0.0,0.028621005,0.0,0.07293283,0.0,0.0,0.0,0.0,0.0,0.0,1.3207115e-27,0.0,0.0,0.0,0.0,0.01974995,0.0,0.0,0.0,0.0,0.0,0.0,0.0,0.06749865,0.0,0.0,0.0,0.039670233,0.034816787,0.019189026,0.0,0.0,0.044832435,0.07911826,0.14116582,0.0,0.0057429057,0.17356572,0.100709364,0.0,0.0,0.055391252,0.063245535,0.030672967
0.0,0.0019255637,0.0,0.1171951,0.0,0.0,0.06515437,0.10855078,0.0,0.09280358,0.039164227,0.0,0.07361947,0.05422465,0.0,0.027999349,0.0,0.073049776,0.0,0.0,0.0,0.0,0.0,0.0,1.14537514e-29,0.0,0.0,0.0,0.0,0.019360488,0.0,0.0,0.0,0.0,0.0,0.0,0.0,0.06707628,0.0,0.0,0.0,0.040537074,0.034124836,0.019242432,0.0,0.0,0.04219376,0.07849619,0.13920781,0.0,0.0055672936,0.17379004,0.097370684,0.0,0.0,0.05702287,0.06718603,0.029872235
0.0,0.0015413074,0.0,0.11784418,0.0,0.0,0.06298623,0.10708715,0.0,0.08881201,0.04068075,0.0,0.07422311,0.053302646,0.0,0.028028445,0.0,0.0743497,0.0,0.0,0.0,0.0,0.0,0.0,6.671541e-32,0.0,0.0,0.0,0.0,0.019946497,0.0,0.0,0.0,0.0,0.0,0.0,0.0,0.06799306,0.0,0.0,0.0,0.042241614,0.032793034,0.018462608,0.0,0.0,0.04094802,0.07750021,0.13764785,0.0,0.005300748,0.175019,0.099880435,0.0,0.0,0.054488104,0.064833336,0.031360984
0.0,0.0012152453,0.0,0.11487363,0.0,0.0,0.06300887,0.106245086,0.0,0.088875026,0.04069943,0.0,0.07551739,0.052087665,0.0,0.029366992,0.0,0.07198704,0.0,0.0,0.0,0.0,0.0,0.0,2.508883e-34,0.0,0.0,0.0,0.0,0.020979658,0.0,0.0,0.0,0.0,0.0,0.0,0.0,0.06628539,0.0,0.0,0.0,0.042090215,0.03378982,0.018045917,0.0,0.0,0.04101728,0.081612326,0.1378603,0.0,0.0049047996,0.17254914,0.101100825,0.0,0.0,0.055596974,0.061261125,0.032109868
0.0,0.0009295351,0.0,0.11455499,0.0,0.0,0.062404662,0.105092734,0.0,0.089290574,0.04111024,0.0,0.07399353,0.052861262,0.0,0.026743712,0.0,0.072986566,0.0,0.0,0.0,0.0,0.0,0.0,5.8236067e-37,0.0,0.0,0.0,0.0,0.02160001,0.0,0.0,0.0,0.0,0.0,0.0,0.0,0.06561032,0.0,0.0,0.0,0.040286396,0.034114186,0.017514585,0.0,0.0,0.04089458,0.08408594,0.13547489,0.0,0.004901236,0.16988863,0.09862033,0.0,0.0,0.056252837,0.062207498,0.03222762
0.0,0.00069566077,0.0,0.11495421,0.0,0.0,0.061760895,0.106241055,0.0,0.0904929,0.039846808,0.0,0.07215768,0.053473834,0.0,0.028195478,0.0,0.07232821,0.0,0.0,0.0,0.0,0.0,0.0,7.92464e-40,0.0,0.0,0.0,0.0,0.020705163,0.0,0.0,0.0,0.0,0.0,0.0,0.0,0.06573723,0.0,0.0,0.0,0.03863379,0.03180529,0.018728685,0.0,0.0,0.042853065,0.07976739,0.13454248,0.0,0.0044502183,0.1699301,0.09559755,0.0,0.0,0.056428608,0.06604875,0.032047756
0.0,0.00051351276,0.0,0.11335073,0.0,0.0,0.06149077,0.105162255,0.0,0.091012664,0.039641682,0.0,0.071759075,0.052074283,0.0,0.028102022,0.0,0.07113329,0.0,0.0,0.0,0.0,0.0,0.0,5.96e-43,0.0,0.0,0.0,0.0,0.02149795,0.0,0.0,0.0,0.0,0.0,0.0,0.0,0.0671628,0.0,0.0,0.0,0.039738346,0.034676526,0.01867745,0.0,0.0,0.04481838,0.08007939,0.13346452,0.0,0.004233737,0.16913293,0.095639855,0.0,0.0,0.05485032,0.06420256,0.032578897
0.0,0.0003720652,0.0,0.112731144,0.0,0.0,0.060997427,0.10634239,0.0,0.08650891,0.039768983,0.0,0.07338239,0.050539367,0.0,0.028209344,0.0,0.07220101,0.0,0.0,0.0,0.0,0.0,0.0,0.0,0.0,0.0,0.0,0.0,0.020475287,0.0,0.0,0.0,0.0,0.0,0.0,0.0,0.06459505,0.0,0.0,0.0,0.039363034,0.032973167,0.01862972,0.0,0.0,0.042937126,0.07483191,0.13027005,0.0,0.0038212275,0.16559108,0.09454015,0.0,0.0,0.053521883,0.062202133,0.032380383
0.0,0.00026184614,0.0,0.111797534,0.0,0.0,0.058799423,0.10453834,0.0,0.08931777,0.041360836,0.0,0.07314168,0.05119026,0.0,0.029476777,0.0,0.071494095,0.0,0.0,0.0,0.0,0.0,0.0,0.0,0.0,0.0,0.0,0.0,0.020007497,0.0,0.0,0.0,0.0,0.0,0.0,0.0,0.06392903,0.0,0.0,0.0,0.037980363,0.0335748,0.017998053,0.0,0.0,0.04037694,0.0777325,0.1291025,0.0,0.0037742283,0.16514672,0.09665598,0.0,0.0,0.05538161,0.06513559,0.031555448
0.0,0.00017928662,0.0,0.109895,0.0,0.0,0.058161475,0.10594411,0.0,0.08807611,0.041904025,0.0,0.07182196,0.049267527,0.0,0.027827946,0.0,0.0704057,0.0,0.0,0.0,0.0,0.0,0.0,0.0,0.0,0.0,0.0,0.0,0.019739226,0.0,0.0,0.0,0.0,0.0,0.0,0.0,0.0630622,0.0,0.0,0.0,0.038860716,0.03346818,0.018759763,0.0,0.0,0.041959804,0.07825344,0.13014607,0.0,0.0035348278,0.16215989,0.09447534,0.0,0.0,0.0534946,0.062322967,0.031763848
0.0,0.0001192126,0.0,0.109654166,0.0,0.0,0.057868604,0.10259414,0.0,0.087902024,0.0397153,0.0,0.07272055,0.05166289,0.0,0.027369365,0.0,0.07092676,0.0,0.0,0.0,0.0,0.0,0.0,0.0,0.0,0.0,0.0,0.0,0.02091886,0.0,0.0,0.0,0.0,0.0,0.0,0.0,0.06500181,0.0,0.0,0.0,0.03767314,0.033316214,0.018260373,0.0,0.0,0.043489046,0.078041896,0.12792385,0.0,0.0033481878,0.16287677,0.09351516,0.0,0.0,0.055733383,0.065220155,0.031888906
0.0,7.708858e-05,0.0,0.108744055,0.0,0.0,0.06106976,0.10104033,0.0,0.09007024,0.039532173,0.0,0.0727974,0.049428783,0.0,0.02903194,0.0,0.071590394,0.0,0.0,0.0,0.0,0.0,0.0,0.0,0.0,0.0,0.0,0.0,0.020059854,0.0,0.0,0.0,0.0,0.0,0.0,0.0,0.063346066,0.0,0.0,0.0,0.037292164,0.03318276,0.017882662,0.0,0.0,0.040406812,0.07714466,0.12728254,0.0,0.0030521855,0.16328914,0.094349906,0.0,0.0,0.05433128,0.06420743,0.033440657
0.0,4.8125446e-05,0.0,0.108157985,0.0,0.0,0.0586488,0.10407013,0.0,0.087246224,0.04021364,0.0,0.071237534,0.04946158,0.0,0.027738664,0.0,0.070332445,0.0,0.0,0.0,0.0,0.0,0.0,0.0,0.0,0.0,0.0,0.0,0.019848619,0.0,0.0,0.0,0.0,0.0,0.0,0.0,0.06226996,0.0,0.0,0.0,0.03715361,0.03325567,0.019153079,0.0,0.0,0.03995699,0.077765845,0.12812611,0.0,0.0031158298,0.16018511,0.09416737,0.0,0.0,0.05656424,0.06305344,0.03234794
0.0,2.9057634e-05,0.0,0.107870966,0.0,0.0,0.060497846,0.10431194,0.0,0.08896503,0.039878704,0.0,0.07163843,0.049626827,0.0,0.029222785,0.0,0.07058882,0.0,0.0,0.0,0.0,0.0,0.0,0.0,0.0,0.0,0.0,0.0,0.019733552,0.0,0.0,0.0,0.0,0.0,0.0,0.0,0.06129012,0.0,0.0,0.0,0.037585795,0.033123594,0.018580686,0.0,0.0,0.042437002,0.07589178,0.12652396,0.0,0.002626629,0.16203395,0.09049935,0.0,0.0,0.053860914,0.06298824,0.03143319
0.0,1.6876511e-05,0.0,0.10633957,0.0,0.0,0.06114153,0.10282542,0.0,0.086790316,0.038785957,0.0,0.07012773,0.04741029,0.0,0.028982505,0.0,0.07092009,0.0,0.0,0.0,0.0,0.0,0.0,0.0,0.0,0.0,0.0,0.0,0.020241922,0.0,0.0,0.0,0.0,0.0,0.0,0.0,0.06326113,0.0,0.0,0.0,0.03894929,0.034810036,0.01873279,0.0,0.0,0.04012903,0.08032224,0.1257221,0.0,0.0027226894,0.16083036,0.09660381,0.0,0.0,0.05458991,0.059970144,0.03260379
0.0,9.420054e-06,0.0,0.107298546,0.0,0.0,0.059979886,0.101331964,0.0,0.08589337,0.04017669,0.0,0.07049838,0.048793983,0.0,0.028780313,0.0,0.070788965,0.0,0.0,0.0,0.0,0.0,0.0,0.0,0.0,0.0,0.0,0.0,0.020679375,0.0,0.0,0.0,0.0,0.0,0.0,0.0,0.062511474,0.0,0.0,0.0,0.03801172,0.032261234,0.019804003,0.0,0.0,0.040747814,0.07868504,0.12618585,0.0,0.0022417533,0.15871954,0.09216746,0.0,0.0,0.05508279,0.061326716,0.031694327
0.0,5.0353387e-06,0.0,0.104947254,0.0,0.0,0.059641827,0.102246486,0.0,0.08494008,0.03859091,0.0,0.07065845,0.04614122,0.0,0.026618546,0.0,0.0713369,0.0,0.0,0.0,0.0,0.0,0.0,0.0,0.0,0.0,0.0,0.0,0.020290377,0.0,0.0,0.0,0.0,0.0,0.0,0.0,0.064579844,0.0,0.0,0.0,0.03746349,0.033783544,0.018493135,0.0,0.0,0.040763814,0.07689312,0.124126844,0.0,0.0019944054,0.1589822,0.09491801,0.0,0.0,0.055510372,0.061657023,0.031575985
0.0,2.568852e-06,0.0,0.10482826,0.0,0.0,0.05711197,0.10124599,0.0,0.08624724,0.040166054,0.0,0.071319394,0.047262874,0.0,0.026707254,0.0,0.07011648,0.0,0.0,0.0,0.0,0.0,0.0,0.0,0.0,0.0,0.0,0.0,0.019437902,0.0,0.0,0.0,0.0,0.0,0.0,0.0,0.063338295,0.0,0.0,0.0,0.036424387,0.033437323,0.017820677,0.0,0.0,0.04176863,0.07538417,0.12478718,0.0,0.001746303,0.15668829,0.091238946,0.0,0.0,0.056328427,0.06317968,0.032180533
0.0,1.2462904e-06,0.0,0.10304198,0.0,0.0,0.058662068,0.099476054,0.0,0.082836576,0.040001042,0.0,0.06888381,0.047158025,0.0,0.028624086,0.0,0.06933465,0.0,0.0,0.0,0.0,0.0,0.0,0.0,0.0,0.0,0.0,0.0,0.020899812,0.0,0.0,0.0,0.0,0.0,0.0,0.0,0.062432602,0.0,0.0,0.0,0.03757415,0.033514068,0.017986568,0.0,0.0,0.04048974,0.07505337,0.12349954,0.0,0.001656106,0.1552265,0.09119736,0.0,0.0,0.056083728,0.062836036,0.029017435
0.0,5.730627e-07,0.0,0.10290421,0.0,0.0,0.05993203,0.09965465,0.0,0.08609589,0.03734005,0.0,0.07045719,0.048146777,0.0,0.0279268,0.0,0.06967152,0.0,0.0,0.0,0.0,0.0,0.0,0.0,0.0,0.0,0.0,0.0,0.020961856,0.0,0.0,0.0,0.0,0.0,0.0,0.0,0.062352538,0.0,0.0,0.0,0.036271557,0.03393639,0.018497761,0.0,0.0,0.0398254,0.07578721,0.121498056,0.0,0.0012823915,0.15718435,0.09149532,0.0,0.0,0.054988794,0.06322238,0.029667106
0.0,2.4866324e-07,0.0,0.10155167,0.0,0.0,0.058154065,0.10016646,0.0,0.0854349,0.04045863,0.0,0.06941524,0.046411805,0.0,0.028151553,0.0,0.07093806,0.0,0.0,0.0,0.0,0.0,0.0,0.0,0.0,0.0,0.0,0.0,0.019752726,0.0,0.0,0.0,0.0,0.0,0.0,0.0,0.061767317,0.0,0.0,0.0,0.037655108,0.033353064,0.018765109,0.0,0.0,0.041629404,0.07458287,0.1227239,0.0,0.0009519083,0.15421672,0.09088652,0.0,0.0,0.056333993,0.062239204,0.030726017
0.0,1.0138496e-07,0.0,0.101490244,0.0,0.0,0.058732815,0.09988142,0.0,0.08349509,0.040224228,0.0,0.06936321,0.04730309,0.0,0.02836757,0.0,0.070598565,0.0,0.0,0.0,0.0,0.0,0.0,0.0,0.0,0.0,0.0,0.0,0.020346424,0.0,0.0,0.0,0.0,0.0,0.0,0.0,0.060142398,0.0,0.0,0.0,0.03719174,0.03612028,0.018449351,0.0,0.0,0.04136126,0.07338613,0.120837174,0.0,0.00065102085,0.1530908,0.091841325,0.0,0.0,0.056523044,0.06402595,0.030746942
0.0,3.8655955e-08,0.0,0.10190052,0.0,0.0,0.058392264,0.1003804,0.0,0.08500553,0.040013384,0.0,0.06911345,0.045901444,0.0,0.027844083,0.0,0.0706533,0.0,0.0,0.0,0.0,0.0,0.0,0.0,0.0,0.0,0.0,0.0,0.01985415,0.0,0.0,0.0,0.0,0.0,0.0,0.0,0.0641134,0.0,0.0,0.0,0.036735963,0.032820787,0.017796665,0.0,0.0,0.041438676,0.07138816,0.1191652,0.0,0.00041299243,0.15286663,0.092918545,0.0,0.0,0.054970957,0.062192455,0.031840675
0.0,1.3712334e-08,0.0,0.10067344,0.0,0.0,0.061354294,0.0983066,0.0,0.08473267,0.037302565,0.0,0.06804371,0.047376417,0.0,0.027208155,0.0,0.06953984,0.0,0.0,0.0,0.0,0.0,0.0,0.0,0.0,0.0,0.0,0.0,0.020711878,0.0,0.0,0.0,0.0,0.0,0.0,0.0,0.061696656,0.0,0.0,0.0,0.036970254,0.030800438,0.017765699,0.0,0.0,0.0394072,0.07309429,0.118009776,0.0,0.00024437244,0.15178499,0.09116629,0.0,0.0,0.05591831,0.063253365,0.031511117
0.0,4.500468e-09,0.0,0.10031292,0.0,0.0,0.05932272,0.09790728,0.0,0.083914824,0.039193206,0.0,0.06852434,0.04689922,0.0,0.026692918,0.0,0.069907196,0.0,0.0,0.0,0.0,0.0,0.0,0.0,0.0,0.0,0.0,0.0,0.01938157,0.0,0.0,0.0,0.0,0.0,0.0,0.0,0.0643076,0.0,0.0,0.0,0.03740336,0.03214075,0.017267209,0.0,0.0,0.040363528,0.07246516,0.117793515,0.0,0.00012847355,0.15041257,0.089135185,0.0,0.0,0.056432128,0.059945635,0.03240693
0.0,1.3584481e-09,0.0,0.10068139,0.0,0.0,0.05981392,0.09814266,0.0,0.08470912,0.03869392,0.0,0.070089,0.04759298,0.0,0.026568059,0.0,0.06919312,0.0,0.0,0.0,0.0,0.0,0.0,0.0,0.0,0.0,0.0,0.0,0.017733008,0.0,0.0,0.0,0.0,0.0,0.0,0.0,0.06309595,0.0,0.0,0.0,0.03730068,0.034249168,0.017211132,0.0,0.0,0.040169425,0.070327565,0.11659216,0.0,6.077742e-05,0.15195072,0.08954126,0.0,0.0,0.05492342,0.061360054,0.031122746
0.0,3.7467232e-10,0.0,0.09851807,0.0,0.0,0.058689743,0.10012102,0.0,0.08524735,0.038517285,0.0,0.07018657,0.04401355,0.0,0.027408091,0.0,0.068590194,0.0,0.0,0.0,0.0,0.0,0.0,0.0,0.0,0.0,0.0,0.0,0.018123878,0.0,0.0,0.0,0.0,0.0,0.0,0.0,0.06115846,0.0,0.0,0.0,0.03534188,0.03283802,0.01715361,0.0,0.0,0.036266536,0.07154952,0.11631793,0.0,2.6785334e-05,0.15019388,0.09217353,0.0,0.0,0.054728437,0.062366046,0.030102134
0.0,9.376334e-11,0.0,0.09903562,0.0,0.0,0.05709684,0.09924968,0.0,0.083677754,0.039050523,0.0,0.06797687,0.04540769,0.0,0.02623701,0.0,0.067844,0.0,0.0,0.0,0.0,0.0,0.0,0.0,0.0,0.0,0.0,0.0,0.017218152,0.0,0.0,0.0,0.0,0.0,0.0,0.0,0.06004941,0.0,0.0,0.0,0.037497554,0.03243288,0.016756888,0.0,0.0,0.038736623,0.07169603,0.114891335,0.0,1.0875916e-05,0.14958715,0.09018464,0.0,0.0,0.054500625,0.06313095,0.0312744
0.0,2.1129232e-11,0.0,0.09970584,0.0,0.0,0.057636395,0.09883978,0.0,0.080697134,0.038567048,0.0,0.0681066,0.045322,0.0,0.026307158,0.0,0.07026939,0.0,0.0,0.0,0.0,0.0,0.0,0.0,0.0,0.0,0.0,0.0,0.018703552,0.0,0.0,0.0,0.0,0.0,0.0,0.0,0.059427552,0.0,0.0,0.0,0.037101004,0.031719703,0.016127912,0.0,0.0,0.037381247,0.06943787,0.114428416,0.0,4.116828e-06,0.1481287,0.08870515,0.0,0.0,0.056191392,0.06341597,0.030843
0.0,4.2522565e-12,0.0,0.0984176,0.0,0.0,0.05681529,0.0971837,0.0,0.08411123,0.038662866,0.0,0.06822199,0.046285626,0.0,0.026010811,0.0,0.067585915,0.0,0.0,0.0,0.0,0.0,0.0,0.0,0.0,0.0,0.0,0.0,0.018245434,0.0,0.0,0.0,0.0,0.0,0.0,0.0,0.06251652,0.0,0.0,0.0,0.036562335,0.033311605,0.01784734,0.0,0.0,0.03637809,0.07192298,0.11541698,0.0,1.440099e-06,0.14560333,0.08802277,0.0,0.0,0.054257046,0.060154766,0.031640273
0.0,7.574471e-13,0.0,0.097678855,0.0,0.0,0.057418823,0.09954893,0.0,0.08261328,0.03832965,0.0,0.06860234,0.044793833,0.0,0.028093413,0.0,0.069824934,0.0,0.0,0.0,0.0,0.0,0.0,0.0,0.0,0.0,0.0,0.0,0.01848887,0.0,0.0,0.0,0.0,0.0,0.0,0.0,0.06248409,0.0,0.0,0.0,0.036159873,0.03233742,0.0184627,0.0,0.0,0.037195977,0.06912418,0.11586474,0.0,4.6540984e-07,0.14433697,0.08835991,0.0,0.0,0.054370474,0.06193496,0.029487504
0.0,1.1826576e-13,0.0,0.09652771,0.0,0.0,0.05712958,0.09665854,0.0,0.08345316,0.036975246,0.0,0.06747254,0.045133207,0.0,0.028272998,0.0,0.068367384,0.0,0.0,0.0,0.0,0.0,0.0,0.0,0.0,0.0,0.0,0.0,0.018189637,0.0,0.0,0.0,0.0,0.0,0.0,0.0,0.06243432,0.0,0.0,0.0,0.036263917,0.033345863,0.017845307,0.0,0.0,0.04035453,0.070081286,0.11445366,0.0,1.3806739e-07,0.1458144,0.089973904,0.0,0.0,0.05561807,0.062728435,0.030391963
0.0,1.6015672e-14,0.0,0.096930556,0.0,0.0,0.05796779,0.09793716,0.0,0.08177326,0.039454076,0.0,0.067595616,0.04522146,0.0,0.027602911,0.0,0.068306156,0.0,0.0,0.0,0.0,0.0,0.0,0.0,0.0,0.0,0.0,0.0,0.017110074,0.0,0.0,0.0,0.0,0.0,0.0,0.0,0.061017543,0.0,0.0,0.0,0.0359636,0.033641264,0.018822215,0.0,0.0,0.037621934,0.07062598,0.113960445,0.0,3.7367858e-08,0.14629827,0.08926512,0.0,0.0,0.053106856,0.06217315,0.030238464
0.0,1.859562e-15,0.0,0.09682785,0.0,0.0,0.0577485,0.0955092,0.0,0.07969713,0.03776635,0.0,0.06731325,0.046308596,0.0,0.027512768,0.0,0.0684591,0.0,0.0,0.0,0.0,0.0,0.0,0.0,0.0,0.0,0.0,0.0,0.016987707,0.0,0.0,0.0,0.0,0.0,0.0,0.0,0.06264066,0.0,0.0,0.0,0.035994984,0.032791946,0.017963624,0.0,0.0,0.03859063,0.06997816,0.11424239,0.0,9.162608e-09,0.14542212,0.088496424,0.0,0.0,0.05580797,0.06353476,0.030850789
0.0,1.82811e-16,0.0,0.09613309,0.0,0.0,0.05745797,0.09663268,0.0,0.082350284,0.038253356,0.0,0.06818088,0.045145933,0.0,0.02698081,0.0,0.06964576,0.0,0.0,0.0,0.0,0.0,0.0,0.0,0.0,0.0,0.0,0.0,0.018354155,0.0,0.0,0.0,0.0,0.0,0.0,0.0,0.061375923,0.0,0.0,0.0,0.035760947,0.032450624,0.017546508,0.0,0.0,0.039266143,0.068294354,0.11249733,0.0,2.0198092e-09,0.14472498,0.08877065,0.0,0.0,0.052566204,0.06166745,0.029635383
0.0,1.5009505e-17,0.0,0.09412294,0.0,0.0,0.059611235,0.09764724,0.0,0.08272898,0.039406773,0.0,0.06828781,0.043307032,0.0,0.027791213,0.0,0.0688169,0.0,0.0,0.0,0.0,0.0,0.0,0.0,0.0,0.0,0.0,0.0,0.017395208,0.0,0.0,0.0,0.0,0.0,0.0,0.0,0.060985595,0.0,0.0,0.0,0.0351387,0.034129456,0.018306935,0.0,0.0,0.040738914,0.069726296,0.1107807,0.0,3.969453e-10,0.14631118,0.08640151,0.0,0.0,0.054051675,0.061833773,0.030036528
0.0,1.013889e-18,0.0,0.095683455,0.0,0.0,0.06040939,0.09717744,0.0,0.08238848,0.038665526,0.0,0.06678134,0.043567088,0.0,0.028473958,0.0,0.069033355,0.0,0.0,0.0,0.0,0.0,0.0,0.0,0.0,0.0,0.0,0.0,0.017408747,0.0,0.0,0.0,0.0,0.0,0.0,0.0,0.05993707,0.0,0.0,0.0,0.035465144,0.03487582,0.017521651,0.0,0.0,0.03882465,0.071274586,0.11107694,0.0,6.891731e-11,0.14578563,0.087117225,0.0,0.0,0.05263437,0.06208196,0.030861508
0.0,5.542914e-20,0.0,0.09603945,0.0,0.0,0.056997906,0.09515675,0.0,0.082117125,0.039347697,0.0,0.067086376,0.044674803,0.0,0.028364293,0.0,0.06998717,0.0,0.0,0.0,0.0,0.0,0.0,0.0,0.0,0.0,0.0,0.0,0.018888872,0.0,0.0,0.0,0.0,0.0,0.0,0.0,0.061596464,0.0,0.0,0.0,0.035766594,0.032547798,0.018172706,0.0,0.0,0.04077875,0.06798452,0.111864686,0.0,1.0466659e-11,0.14340183,0.08854266,0.0,0.0,0.053214192,0.061216574,0.03147455
0.0,2.408658e-21,0.0,0.09549243,0.0,0.0,0.0568344,0.09495877,0.0,0.08318829,0.037850093,0.0,0.06640165,0.044233568,0.0,0.026375784,0.0,0.06874084,0.0,0.0,0.0,0.0,0.0,0.0,0.0,0.0,0.0,0.0,0.0,0.019425811,0.0,0.0,0.0,0.0,0.0,0.0,0.0,0.061482467,0.0,0.0,0.0,0.035443492,0.032381497,0.01807775,0.0,0.0,0.039449602,0.066413805,0.11108773,0.0,1.3756179e-12,0.14261201,0.08654261,0.0,0.0,0.051990658,0.061191577,0.030085512
0.0,8.1559584e-23,0.0,0.093684085,0.0,0.0,0.05832644,0.095952444,0.0,0.07905566,0.036967475,0.0,0.06645774,0.04329282,0.0,0.02622273,0.0,0.06940604,0.0,0.0,0.0,0.0,0.0,0.0,0.0,0.0,0.0,0.0,0.0,0.018286586,0.0,0.0,0.0,0.0,0.0,0.0,0.0,0.06215052,0.0,0.0,0.0,0.037481,0.033113085,0.01854626,0.0,0.0,0.03926163,0.07141762,0.11212369,0.0,1.5463569e-13,0.14070106,0.08884513,0.0,0.0,0.05177544,0.06089802,0.029338902
0.0,2.105332e-24,0.0,0.09375464,0.0,0.0,0.056709833,0.09625378,0.0,0.08068895,0.0378077,0.0,0.0664997,0.04406584,0.0,0.028797211,0.0,0.06785097,0.0,0.0,0.0,0.0,0.0,0.0,0.0,0.0,0.0,0.0,0.0,0.017309394,0.0,0.0,0.0,0.0,0.0,0.0,0.0,0.05962669,0.0,0.0,0.0,0.034489747,0.0317495,0.017872825,0.0,0.0,0.038344804,0.06984662,0.1089935,0.0,1.4678952e-14,0.14182338,0.09020189,0.0,0.0,0.05363269,0.061367746,0.031008696
0.0,4.0436486e-26,0.0,0.09361303,0.0,0.0,0.058777094,0.0967423,0.0,0.08068396,0.038167488,0.0,0.06725472,0.04437607,0.0,0.026954027,0.0,0.06861954,0.0,0.0,0.0,0.0,0.0,0.0,0.0,0.0,0.0,0.0,0.0,0.01633031,0.0,0.0,0.0,0.0,0.0,0.0,0.0,0.060082402,0.0,0.0,0.0,0.036721785,0.033513445,0.019093594,0.0,0.0,0.039803058,0.06826271,0.10977826,0.0,1.1603585e-15,0.1428759,0.086761974,0.0,0.0,0.053990223,0.06345524,0.03076217
0.0,5.625052e-28,0.0,0.09272559,0.0,0.0,0.057707973,0.09586053,0.0,0.08358339,0.038324576,0.0,0.06557659,0.043477,0.0,0.028345564,0.0,0.068572246,0.0,0.0,0.0,0.0,0.0,0.0,0.0,0.0,0.0,0.0,0.0,0.016669847,0.0,0.0,0.0,0.0,0.0,0.0,0.0,0.061903503,0.0,0.0,0.0,0.03536275,0.03302172,0.018338948,0.0,0.0,0.03810933,0.06768273,0.10912687,0.0,7.522617e-17,0.142189,0.087128036,0.0,0.0,0.052416217,0.061641824,0.030329904
0.0,5.4994794e-30,0.0,0.093375646,0.0,0.0,0.05806156,0.09457506,0.0,0.0816558,0.037425052,0.0,0.065897286,0.043146804,0.0,0.026540842,0.0,0.067096725,0.0,0.0,0.0,0.0,0.0,0.0,0.0,0.0,0.0,0.0,0.0,0.016857438,0.0,0.0,0.0,0.0,0.0,0.0,0.0,0.06173949,0.0,0.0,0.0,0.035850596,0.032854132,0.018083785,0.0,0.0,0.039544273,0.07036962,0.10953894,0.0,3.9332905e-18,0.14047809,0.08608754,0.0,0.0,0.053065605,0.06328049,0.031564124
0.0,3.6535987e-32,0.0,0.09408868,0.0,0.0,0.05871238,0.09525884,0.0,0.082370035,0.036369033,0.0,0.06541504,0.04285944,0.0,0.02825731,0.0,0.06708158,0.0,0.0,0.0,0.0,0.0,0.0,0.0,0.0,0.0,0.0,0.0,0.017082313,0.0,0.0,0.0,0.0,0.0,0.0,0.0,0.060731716,0.0,0.0,0.0,0.03748837,0.032679208,0.018291706,0.0,0.0,0.03882165,0.070490904,0.106612846,0.0,1.6284236e-19,0.14272103,0.086824715,0.0,0.0,0.051457316,0.062108558,0.030928394
0.0,1.587913e-34,0.0,0.09411539,0.0,0.0,0.055830467,0.09662898,0.0,0.079067335,0.03658369,0.0,0.06497642,0.04282617,0.0,0.027384901,0.0,0.06943099,0.0,0.0,0.0,0.0,0.0,0.0,0.0,0.0,0.0,0.0,0.0,0.016746663,0.0,0.0,0.0,0.0,0.0,0.0,0.0,0.06316813,0.0,0.0,0.0,0.037274625,0.03385101,0.017764745,0.0,0.0,0.038118474,0.07038456,0.106632546,0.0,5.2312833e-21,0.139921,0.08549042,0.0,0.0,0.05186825,0.06199229,0.030216346
0.0,4.3243873e-37,0.0,0.09273938,0.0,0.0,0.05495725,0.09425003,0.0,0.08148138,0.03859801,0.0,0.064697176,0.04356191,0.0,0.027407149,0.0,0.06804825,0.0,0.0,0.0,0.0,0.0,0.0,0.0,0.0,0.0,0.0,0.0,0.0163716,0.0,0.0,0.0,0.0,0.0,0.0,0.0,0.059303578,0.0,0.0,0.0,0.03674375,0.03344998,0.017684596,0.0,0.0,0.037996013,0.07214428,0.10670277,0.0,1.2751594e-22,0.13860254,0.08738945,0.0,0.0,0.05085145,0.05958488,0.031577554
0.0,7.02448e-40,0.0,0.0934931,0.0,0.0,0.05728765,0.095788024,0.0,0.081619196,0.036920633,0.0,0.0666205,0.043464553,0.0,0.027122747,0.0,0.06765846,0.0,0.0,0.0,0.0,0.0,0.0,0.0,0.0,0.0,0.0,0.0,0.015893368,0.0,0.0,0.0,0.0,0.0,0.0,0.0,0.0603761,0.0,0.0,0.0,0.03617581,0.032566093,0.018169207,0.0,0.0,0.037364185,0.066023596,0.10632442,0.0,2.3007947e-24,0.13887702,0.08827176,0.0,0.0,0.052248087,0.061511382,0.029372618
0.0,6.43e-43,0.0,0.09353471,0.0,0.0,0.055725724,0.09601156,0.0,0.0808048,0.036036585,0.0,0.06461892,0.043977782,0.0,0.027831534,0.0,0.06877051,0.0,0.0,0.0,0.0,0.0,0.0,0.0,0.0,0.0,0.0,0.0,0.016451655,0.0,0.0,0.0,0.0,0.0,0.0,0.0,0.0611823,0.0,0.0,0.0,0.03653187,0.03302001,0.018834025,0.0,0.0,0.039475527,0.06858388,0.10630339,0.0,2.9894103e-26,0.13749276,0.08292935,0.0,0.0,0.05357496,0.06120588,0.0305454
0.0,0.0,0.0,0.093195446,0.0,0.0,0.055093825,0.09608268,0.0,0.08225376,0.03583059,0.0,0.06476238,0.045900412,0.0,0.027096072,0.0,0.06657569,0.0,0.0,0.0,0.0,0.0,0.0,0.0,0.0,0.0,0.0,0.0,0.017270345,0.0,0.0,0.0,0.0,0.0,0.0,0.0,0.05881074,0.0,0.0,0.0,0.036944423,0.032990184,0.019038534,0.0,0.0,0.038527917,0.06819506,0.105821975,0.0,2.7122597e-28,0.1371887,0.08407508,0.0,0.0,0.05455989,0.063764,0.028660731
0.0,0.0,0.0,0.0917094,0.0,0.0,0.05687236,0.09555427,0.0,0.0807835,0.037056535,0.0,0.064761996,0.043250572,0.0,0.028486064,0.0,0.067235544,0.0,0.0,0.0,0.0,0.0,0.0,0.0,0.0,0.0,0.0,0.0,0.016577717,0.0,0.0,0.0,0.0,0.0,0.0,0.0,0.06045013,0.0,0.0,0.0,0.036733788,0.03222281,0.018679352,0.0,0.0,0.036323387,0.06912923,0.10626557,0.0,1.6600839e-30,0.13642737,0.08497935,0.0,0.0,0.05326974,0.06195551,0.030751508
0.0,0.0,0.0,0.0913683,0.0,0.0,0.057071123,0.096003234,0.0,0.08183963,0.03702522,0.0,0.06591381,0.045137282,0.0,0.02715003,0.0,0.06683635,0.0,0.0,0.0,0.0,0.0,0.0,0.0,0.0,0.0,0.0,0.0,0.016973855,0.0,0.0,0.0,0.0,0.0,0.0,0.0,0.059332006,0.0,0.0,0.0,0.035280574,0.033349004,0.018448517,0.0,0.0,0.039518766,0.067209885,0.10509486,0.0,6.592813e-33,0.13708271,0.08622767,0.0,0.0,0.05157098,0.06077491,0.031392056
0.0,0.0,0.0,0.09150376,0.0,0.0,0.05731105,0.09732057,0.0,0.07913003,0.039338075,0.0,0.06555447,0.0420622,0.0,0.025923239,0.0,0.06840523,0.0,0.0,0.0,0.0,0.0,0.0,0.0,0.0,0.0,0.0,0.0,0.01766694,0.0,0.0,0.0,0.0,0.0,0.0,0.0,0.058609318,0.0,0.0,0.0,0.036280748,0.03450898,0.017741421,0.0,0.0,0.03748243,0.06855758,0.10573983,0.0,1.6253355e-35,0.13732044,0.08770341,0.0,0.0,0.051304325,0.059937645,0.031066256
0.0,0.0,0.0,0.09171745,0.0,0.0,0.05502994,0.09709065,0.0,0.08139771,0.03842934,0.0,0.063345514,0.043996688,0.0,0.02725111,0.0,0.06780426,0.0,0.0,0.0,0.0,0.0,0.0,0.0,0.0,0.0,0.0,0.0,0.016470453,0.0,0.0,0.0,0.0,0.0,0.0,0.0,0.06116652,0.0,0.0,0.0,0.03668761,0.03493321,0.017676208,0.0,0.0,0.037526697,0.07102855,0.10451937,0.0,2.3644787e-38,0.13758615,0.08849661,0.0,0.0,0.05254489,0.061244097,0.030579738
0.0,0.0,0.0,0.09004642,0.0,0.0,0.056741457,0.09598226,0.0,0.08031294,0.03728406,0.0,0.066374354,0.041909743,0.0,0.028316483,0.0,0.066669054,0.0,0.0,0.0,0.0,0.0,0.0,0.0,0.0,0.0,0.0,0.0,0.01617629,0.0,0.0,0.0,0.0,0.0,0.0,0.0,0.06077939,0.0,0.0,0.0,0.0365592,0.0339987,0.017799493,0.0,0.0,0.035967037,0.06784754,0.10535491,0.0,1.9142e-41,0.13547346,0.08477863,0.0,0.0,0.05347523,0.061882116,0.033562507
0.0,0.0,0.0,0.09146303,0.0,0.0,0.056349054,0.09562803,0.0,0.082739234,0.037538327,0.0,0.06495839,0.04294218,0.0,0.027208267,0.0,0.06712384,0.0,0.0,0.0,0.0,0.0,0.0,0.0,0.0,0.0,0.0,0.0,0.018161546,0.0,0.0,0.0,0.0,0.0,0.0,0.0,0.060138818,0.0,0.0,0.0,0.037061792,0.03439444,0.01826312,0.0,0.0,0.036489643,0.0670057,0.10338128,0.0,8e-45,0.13560118,0.08642612,0.0,0.0,0.053075314,0.061102584,0.03093798
0.0,0.0,0.0,0.0893345,0.0,0.0,0.05394266,0.094175085,0.0,0.08157096,0.034641247,0.0,0.06562997,0.04274964,0.0,0.026668608,0.0,0.06797239,0.0,0.0,0.0,0.0,0.0,0.0,0.0,0.0,0.0,0.0,0.0,0.016054947,0.0,0.0,0.0,0.0,0.0,0.0,0.0,0.06302937,0.0,0.0,0.0,0.03637311,0.033772305,0.01766259,0.0,0.0,0.038468335,0.064413905,0.10246547,0.0,0.0,0.13660094,0.08440608,0.0,0.0,0.053374074,0.0625228,0.03006313
0.0,0.0,0.0,0.09057189,0.0,0.0,0.05514376,0.09464415,0.0,0.078197666,0.03797818,0.0,0.06378767,0.0426461,0.0,0.025020106,0.0,0.06734804,0.0,0.0,0.0,0.0,0.0,0.0,0.0,0.0,0.0,0.0,0.0,0.01779015,0.0,0.0,0.0,0.0,0.0,0.0,0.0,0.060857758,0.0,0.0,0.0,0.03760975,0.033293523,0.018254712,0.0,0.0,0.037659638,0.067563616,0.10366757,0.0,0.0,0.1342895,0.085186906,0.0,0.0,0.051585663,0.061015826,0.02953865
0.0,0.0,0.0,0.08876939,0.0,0.0,0.054765183,0.09600022,0.0,0.07936072,0.0382386,0.0,0.06485983,0.04180446,0.0,0.02808576,0.0,0.06736567,0.0,0.0,0.0,0.0,0.0,0.0,0.0,0.0,0.0,0.0,0.0,0.017268619,0.0,0.0,0.0,0.0,0.0,0.0,0.0,0.06046078,0.0,0.0,0.0,0.03737525,0.034285914,0.017570542,0.0,0.0,0.039285257,0.06773276,0.10485505,0.0,0.0,0.134029,0.08410589,0.0,0.0,0.05308123,0.06248072,0.030521816
0.0,0.0,0.0,0.08953063,0.0,0.0,0.054690897,0.093529105,0.0,0.08179596,0.03739046,0.0,0.06442387,0.041293304,0.0,0.026993534,0.0,0.06713351,0.0,0.0,0.0,0.0,0.0,0.0,0.0,0.0,0.0,0.0,0.0,0.017312499,0.0,0.0,0.0,0.0,0.0,0.0,0.0,0.0617453,0.0,0.0,0.0,0.03665464,0.03447087,0.017766206,0.0,0.0,0.03885922,0.06426439,0.10281931,0.0,0.0,0.13485521,0.08345046,0.0,0.0,0.05363049,0.062075134,0.029170347
0.0,0.0,0.0,0.089349225,0.0,0.0,0.05441309,0.092863634,0.0,0.08120125,0.03758388,0.0,0.06469826,0.041641433,0.0,0.027644465,0.0,0.06624887,0.0,0.0,0.0,0.0,0.0,0.0,0.0,0.0,0.0,0.0,0.0,0.017103463,0.0,0.0,0.0,0.0,0.0,0.0,0.0,0.059420537,0.0,0.0,0.0,0.03686305,0.03374692,0.01758032,0.0,0.0,0.037884466,0.06690297,0.10348747,0.0,0.0,0.13286819,0.086011864,0.0,0.0,0.051864695,0.060786232,0.03041695
0.0,0.0,0.0,0.08853132,0.0,0.0,0.05560428,0.09339129,0.0,0.07892479,0.036069565,0.0,0.06494793,0.040532906,0.0,0.02750019,0.0,0.06677832,0.0,0.0,0.0,0.0,0.0,0.0,0.0,0.0,0.0,0.0,0.0,0.017228302,0.0,0.0,0.0,0.0,0.0,0.0,0.0,0.060683463,0.0,0.0,0.0,0.036555342,0.033753354,0.0172488,0.0,0.0,0.038345147,0.06677585,0.102037475,0.0,0.0,0.13385807,0.08496617,0.0,0.0,0.052407015,0.06246613,0.031245537
0.0,0.0,0.0,0.08971106,0.0,0.0,0.056272857,0.09396345,0.0,0.081591524,0.03628903,0.0,0.06483313,0.041704644,0.0,0.026325779,0.0,0.065744914,0.0,0.0,0.0,0.0,0.0,0.0,0.0,0.0,0.0,0.0,0.0,0.016448759,0.0,0.0,0.0,0.0,0.0,0.0,0.0,0.059501253,0.0,0.0,0.0,0.0376568,0.03280117,0.01955677,0.0,0.0,0.03868039,0.063391015,0.10068751,0.0,0.0,0.13239442,0.08419624,0.0,0.0,0.051652618,0.06257239,0.0317973
0.0,0.0,0.0,0.09072849,0.0,0.0,0.055250324,0.09262287,0.0,0.07934743,0.035168204,0.0,0.064873815,0.042516828,0.0,0.027160002,0.0,0.06620811,0.0,0.0,0.0,0.0,0.0,0.0,0.0,0.0,0.0,0.0,0.0,0.016243597,0.0,0.0,0.0,0.0,0.0,0.0,0.0,0.060088497,0.0,0.0,0.0,0.036880985,0.032325063,0.018736966,0.0,0.0,0.036709756,0.06532774,0.10003948,0.0,0.0,0.13246727,0.082242645,0.0,0.0,0.05164416,0.06075682,0.03152108
0.0,0.0,0.0,0.08771669,0.0,0.0,0.055159975,0.092981994,0.0,0.07702763,0.03574505,0.0,0.064954415,0.040373027,0.0,0.025905348,0.0,0.06622387,0.0,0.0,0.0,0.0,0.0,0.0,0.0,0.0,0.0,0.0,0.0,0.016730072,0.0,0.0,0.0,0.0,0.0,0.0,0.0,0.058171686,0.0,0.0,0.0,0.036920805,0.03311431,0.01721273,0.0,0.0,0.03667849,0.06366994,0.09976683,0.0,0.0,0.1313089,0.08275893,0.0,0.0,0.05263131,0.06310759,0.030679582
0.0,0.0,0.0,0.08789197,0.0,0.0,0.0575295,0.092312984,0.0,0.077373646,0.035622157,0.0,0.06396604,0.041447103,0.0,0.028230444,0.0,0.06597513,0.0,0.0,0.0,0.0,0.0,0.0,0.0,0.0,0.0,0.0,0.0,0.016159996,0.0,0.0,0.0,0.0,0.0,0.0,0.0,0.05956981,0.0,0.0,0.0,0.03684695,0.03344886,0.018820666,0.0,0.0,0.03614998,0.06396484,0.09910814,0.0,0.0,0.13300082,0.08321319,0.0,0.0,0.05002655,0.05994315,0.029684277
0.0,0.0,0.0,0.08835817,0.0,0.0,0.055558406,0.09084335,0.0,0.07857949,0.03677967,0.0,0.06530486,0.04215806,0.0,0.02928226,0.0,0.06419139,0.0,0.0,0.0,0.0,0.0,0.0,0.0,0.0,0.0,0.0,0.0,0.017016377,0.0,0.0,0.0,0.0,0.0,0.0,0.0,0.059462532,0.0,0.0,0.0,0.03724493,0.031787187,0.018033456,0.0,0.0,0.037815183,0.06715818,0.1006366,0.0,0.0,0.132085,0.08158857,0.0,0.0,0.05071621,0.059125245,0.029107746
0.0,0.0,0.0,0.086894035,0.0,0.0,0.05650693,0.09177302,0.0,0.07801788,0.035729513,0.0,0.06281642,0.040132698,0.0,0.02730359,0.0,0.065441445,0.0,0.0,0.0,0.0,0.0,0.0,0.0,0.0,0.0,0.0,0.0,0.016864156,0.0,0.0,0.0,0.0,0.0,0.0,0.0,0.05940599,0.0,0.0,0.0,0.0367586,0.032457493,0.01958588,0.0,0.0,0.037152953,0.06554459,0.10078608,0.0,0.0,0.13146755,0.08409451,0.0,0.0,0.05277785,0.060686268,0.029527336
0.0,0.0,0.0,0.08652163,0.0,0.0,0.055673875,0.092641816,0.0,0.07805823,0.03512334,0.0,0.06436408,0.03951216,0.0,0.02666058,0.0,0.067035034,0.0,0.0,0.0,0.0,0.0,0.0,0.0,0.0,0.0,0.0,0.0,0.016738266,0.0,0.0,0.0,0.0,0.0,0.0,0.0,0.059460368,0.0,0.0,0.0,0.035068892,0.03282823,0.018393856,0.0,0.0,0.036467493,0.065051064,0.10149993,0.0,0.0,0.13192008,0.082491964,0.0,0.0,0.051129613,0.060538076,0.030065253
0.0,0.0,0.0,0.086438864,0.0,0.0,0.053718004,0.09044623,0.0,0.07779119,0.035524182,0.0,0.06416214,0.04078203,0.0,0.028507,0.0,0.06502375,0.0,0.0,0.0,0.0,0.0,0.0,0.0,0.0,0.0,0.0,0.0,0.016452529,0.0,0.0,0.0,0.0,0.0,0.0,0.0,0.060432903,0.0,0.0,0.0,0.036825005,0.033177014,0.01899285,0.0,0.0,0.037207093,0.064516425,0.100854754,0.0,0.0,0.13228475,0.082392335,0.0,0.0,0.051399563,0.06162897,0.028626494
0.0,0.0,0.0,0.08597292,0.0,0.0,0.054871388,0.09100912,0.0,0.078729324,0.036452863,0.0,0.06563454,0.040785253,0.0,0.027780289,0.0,0.065929376,0.0,0.0,0.0,0.0,0.0,0.0,0.0,0.0,0.0,0.0,0.0,0.015513254,0.0,0.0,0.0,0.0,0.0,0.0,0.0,0.059476484,0.0,0.0,0.0,0.035586964,0.031902034,0.01862217,0.0,0.0,0.03887149,0.06408119,0.10022599,0.0,0.0,0.13118292,0.08490379,0.0,0.0,0.052778345,0.061904248,0.030491961
0.0,0.0,0.0,0.08582531,0.0,0.0,0.05531246,0.092485994,0.0,0.0781004,0.036439016,0.0,0.06396932,0.040044308,0.0,0.028092941,0.0,0.06593682,0.0,0.0,0.0,0.0,0.0,0.0,0.0,0.0,0.0,0.0,0.0,0.015630001,0.0,0.0,0.0,0.0,0.0,0.0,0.0,0.058979686,0.0,0.0,0.0,0.035820574,0.032318186,0.018964397,0.0,0.0,0.037825696,0.06500474,0.09904245,0.0,0.0,0.13163088,0.08402084,0.0,0.0,0.050744474,0.05825147,0.031043895
0.0,0.0,0.0,0.08619608,0.0,0.0,0.05507697,0.09116438,0.0,0.07945051,0.0355592,0.0,0.06511462,0.041199252,0.0,0.029596798,0.0,0.06465772,0.0,0.0,0.0,0.0,0.0,0.0,0.0,0.0,0.0,0.0,0.0,0.016950388,0.0,0.0,0.0,0.0,0.0,0.0,0.0,0.060634248,0.0,0.0,0.0,0.035536274,0.03236791,0.019859776,0.0,0.0,0.037362065,0.064691395,0.099283375,0.0,0.0,0.13168058,0.08248266,0.0,0.0,0.049567,0.06094348,0.030090002
0.0,0.0,0.0,0.08608774,0.0,0.0,0.052821312,0.09149865,0.0,0.07798231,0.035075504,0.0,0.066153124,0.039825168,0.0,0.029223047,0.0,0.065908395,0.0,0.0,0.0,0.0,0.0,0.0,0.0,0.0,0.0,0.0,0.0,0.016337123,0.0,0.0,0.0,0.0,0.0,0.0,0.0,0.059714697,0.0,0.0,0.0,0.036369987,0.033340067,0.017711967,0.0,0.0,0.036307592,0.06442651,0.09729728,0.0,0.0,0.12831736,0.079758465,0.0,0.0,0.053473607,0.06255031,0.031258322
0.0,0.0,0.0,0.08608934,0.0,0.0,0.053744532,0.09222008,0.0,0.07872064,0.036191255,0.0,0.063964844,0.039883316,0.0,0.027008083,0.0,0.06526011,0.0,0.0,0.0,0.0,0.0,0.0,0.0,0.0,0.0,0.0,0.0,0.01561286,0.0,0.0,0.0,0.0,0.0,0.0,0.0,0.058709566,0.0,0.0,0.0,0.03808772,0.032773364,0.018934667,0.0,0.0,0.037234403,0.06452376,0.097512856,0.0,0.0,0.12670022,0.08339643,0.0,0.0,0.05160709,0.060009964,0.029482476
0.0,0.0,0.0,0.08531321,0.0,0.0,0.054724924,0.090776704,0.0,0.077082425,0.0354362,0.0,0.06504407,0.03966759,0.0,0.02801133,0.0,0.06425338,0.0,0.0,0.0,0.0,0.0,0.0,0.0,0.0,0.0,0.0,0.0,0.0155185,0.0,0.0,0.0,0.0,0.0,0.0,0.0,0.058579054,0.0,0.0,0.0,0.03653632,0.031395346,0.018734518,0.0,0.0,0.036909387,0.06430375,0.09642925,0.0,0.0,0.12853205,0.08235405,0.0,0.0,0.04957864,0.060133263,0.030208584
0.0,0.0,0.0,0.085279785,0.0,0.0,0.054226022,0.092204735,0.0,0.07775928,0.03458469,0.0,0.0644891,0.040991623,0.0,0.026518391,0.0,0.06487185,0.0,0.0,0.0,0.0,0.0,0.0,0.0,0.0,0.0,0.0,0.0,0.01537827,0.0,0.0,0.0,0.0,0.0,0.0,0.0,0.05860205,0.0,0.0,0.0,0.036741775,0.033098206,0.018045658,0.0,0.0,0.033846043,0.06555707,0.09711644,0.0,0.0,0.12844194,0.08176327,0.0,0.0,0.050461993,0.06060513,0.030664435
0.0,0.0,0.0,0.08507529,0.0,0.0,0.05075401,0.09325672,0.0,0.074366674,0.035717517,0.0,0.06591092,0.039960742,0.0,0.025958762,0.0,0.06491668,0.0,0.0,0.0,0.0,0.0,0.0,0.0,0.0,0.0,0.0,0.0,0.01581851,0.0,0.0,0.0,0.0,0.0,0.0,0.0,0.05965725,0.0,0.0,0.0,0.03760759,0.032279614,0.018802017,0.0,0.0,0.034653254,0.06572519,0.09646345,0.0,0.0,0.12932757,0.08148158,0.0,0.0,0.051056195,0.061537366,0.028009202
0.0,0.0,0.0,0.08345397,0.0,0.0,0.055659067,0.09082921,0.0,0.07813515,0.036920853,0.0,0.06409972,0.040873982,0.0,0.025045821,0.0,0.06455959,0.0,0.0,0.0,0.0,0.0,0.0,0.0,0.0,0.0,0.0,0.0,0.016815651,0.0,0.0,0.0,0.0,0.0,0.0,0.0,0.058498688,0.0,0.0,0.0,0.03602989,0.031626694,0.019086191,0.0,0.0,0.038645174,0.0633803,0.09741586,0.0,0.0,0.12783943,0.08052197,0.0,0.0,0.050333437,0.06037232,0.030844288
0.0,0.0,0.0,0.08400597,0.0,0.0,0.05467531,0.092977904,0.0,0.07552586,0.03618916,0.0,0.064629436,0.040809676,0.0,0.027897505,0.0,0.0638447,0.0,0.0,0.0,0.0,0.0,0.0,0.0,0.0,0.0,0.0,0.0,0.015872415,0.0,0.0,0.0,0.0,0.0,0.0,0.0,0.057810184,0.0,0.0,0.0,0.03879725,0.03318948,0.016942212,0.0,0.0,0.03478933,0.06294671,0.097941354,0.0,0.0,0.12869142,0.08059115,0.0,0.0,0.053521857,0.059311476,0.029360509
0.0,0.0,0.0,0.08356958,0.0,0.0,0.056210686,0.091539934,0.0,0.08037963,0.03512049,0.0,0.064632066,0.04035656,0.0,0.028711718,0.0,0.065687954,0.0,0.0,0.0,0.0,0.0,0.0,0.0,0.0,0.0,0.0,0.0,0.016540833,0.0,0.0,0.0,0.0,0.0,0.0,0.0,0.056470115,0.0,0.0,0.0,0.038417082,0.032347687,0.01791633,0.0,0.0,0.034866907,0.06414273,0.0978192,0.0,0.0,0.12743123,0.082956344,0.0,0.0,0.051073708,0.058432564,0.02876925
0.0,0.0,0.0,0.08339837,0.0,0.0,0.053740308,0.09023389,0.0,0.077131845,0.03702509,0.0,0.06366775,0.040556796,0.0,0.026884772,0.0,0.0640116,0.0,0.0,0.0,0.0,0.0,0.0,0.0,0.0,0.0,0.0,0.0,0.016113712,0.0,0.0,0.0,0.0,0.0,0.0,0.0,0.058864545,0.0,0.0,0.0,0.03589452,0.034289613,0.018633617,0.0,0.0,0.034782812,0.06496523,0.09586997,0.0,0.0,0.1287341,0.083166465,0.0,0.0,0.05223497,0.059422377,0.030486584
0.0,0.0,0.0,0.08364179,0.0,0.0,0.05341388,0.09155744,0.0,0.08107379,0.03618078,0.0,0.0652806,0.040666297,0.0,0.028193573,0.0,0.064304456,0.0,0.0,0.0,0.0,0.0,0.0,0.0,0.0,0.0,0.0,0.0,0.016857348,0.0,0.0,0.0,0.0,0.0,0.0,0.0,0.05936527,0.0,0.0,0.0,0.034838736,0.0332918,0.018861568,0.0,0.0,0.034109984,0.06408877,0.0960183,0.0,0.0,0.1272326,0.08157972,0.0,0.0,0.050414886,0.058968686,0.028644996
0.0,0.0,0.0,0.082673915,0.0,0.0,0.05373528,0.09214765,0.0,0.079044074,0.036972336,0.0,0.06412811,0.039415162,0.0,0.026517192,0.0,0.06494291,0.0,0.0,0.0,0.0,0.0,0.0,0.0,0.0,0.0,0.0,0.0,0.016580008,0.0,0.0,0.0,0.0,0.0,0.0,0.0,0.059690185,0.0,0.0,0.0,0.03519323,0.033831563,0.01771752,0.0,0.0,0.03542856,0.062225167,0.09528677,0.0,0.0,0.12805696,0.082251415,0.0,0.0,0.04982359,0.05725415,0.03038954
0.0,0.0,0.0,0.08330171,0.0,0.0,0.054122724,0.09341923,0.0,0.07647597,0.03575894,0.0,0.06598494,0.039255053,0.0,0.02802361,0.0,0.06492749,0.0,0.0,0.0,0.0,0.0,0.0,0.0,0.0,0.0,0.0,0.0,0.016598012,0.0,0.0,0.0,0.0,0.0,0.0,0.0,0.059391897,0.0,0.0,0.0,0.037043367,0.034248658,0.017883088,0.0,0.0,0.037674982,0.06259697,0.09556182,0.0,0.0,0.12738769,0.079975925,0.0,0.0,0.05132351,0.060180813,0.029223284
0.0,0.0,0.0,0.08381268,0.0,0.0,0.054238115,0.09123147,0.0,0.07948463,0.036164243,0.0,0.0643415,0.039327726,0.0,0.028188553,0.0,0.064022295,0.0,0.0,0.0,0.0,0.0,0.0,0.0,0.0,0.0,0.0,0.0,0.016298931,0.0,0.0,0.0,0.0,0.0,0.0,0.0,0.056402005,0.0,0.0,0.0,0.03788173,0.033978168,0.019119913,0.0,0.0,0.03670472,0.06157392,0.095020756,0.0,0.0,0.12625822,0.08126468,0.0,0.0,0.05204233,0.059484344,0.031082237
0.0,0.0,0.0,0.083590314,0.0,0.0,0.054551903,0.09203443,0.0,0.077396154,0.036684472,0.0,0.06613233,0.040155474,0.0,0.028219188,0.0,0.06551769,0.0,0.0,0.0,0.0,0.0,0.0,0.0,0.0,0.0,0.0,0.0,0.0154417055,0.0,0.0,0.0,0.0,0.0,0.0,0.0,0.057950184,0.0,0.0,0.0,0.038237147,0.033876784,0.017750826,0.0,0.0,0.034830622,0.06312345,0.094802804,0.0,0.0,0.12795763,0.07854231,0.0,0.0,0.051015507,0.058127444,0.02994771
0.0,0.0,0.0,0.08234448,0.0,0.0,0.05600055,0.09239248,0.0,0.07434233,0.035479963,0.0,0.063573234,0.03923565,0.0,0.028369516,0.0,0.066242844,0.0,0.0,0.0,0.0,0.0,0.0,0.0,0.0,0.0,0.0,0.0,0.015484695,0.0,0.0,0.0,0.0,0.0,0.0,0.0,0.058195237,0.0,0.0,0.0,0.037515897,0.034521528,0.017901188,0.0,0.0,0.036987998,0.06278359,0.094264455,0.0,0.0,0.12633973,0.0809542,0.0,0.0,0.05269347,0.059294302,0.030289741
0.0,0.0,0.0,0.08313072,0.0,0.0,0.05168252,0.09163947,0.0,0.07783557,0.03588661,0.0,0.065011464,0.04115863,0.0,0.029127978,0.0,0.063181035,0.0,0.0,0.0,0.0,0.0,0.0,0.0,0.0,0.0,0.0,0.0,0.014492062,0.0,0.0,0.0,0.0,0.0,0.0,0.0,0.058789827,0.0,0.0,0.0,0.038186736,0.033851065,0.018804053,0.0,0.0,0.037817348,0.06321815,0.094050385,0.0,0.0,0.12744002,0.08037441,0.0,0.0,0.050752953,0.05921695,0.031462472
0.0,0.0,0.0,0.082210295,0.0,0.0,0.053320162,0.091412984,0.0,0.0774457,0.03421824,0.0,0.064337894,0.040495742,0.0,0.027418545,0.0,0.064975,0.0,0.0,0.0,0.0,0.0,0.0,0.0,0.0,0.0,0.0,0.0,0.014909359,0.0,0.0,0.0,0.0,0.0,0.0,0.0,0.059845157,0.0,0.0,0.0,0.037707936,0.03541049,0.018458948,0.0,0.0,0.036723256,0.06352178,0.09500665,0.0,0.0,0.12693858,0.07887127,0.0,0.0,0.052574106,0.05910507,0.028186243
0.0,0.0,0.0,0.08192611,0.0,0.0,0.05375303,0.09146366,0.0,0.076824784,0.032555215,0.0,0.063254654,0.038906615,0.0,0.027926035,0.0,0.06308192,0.0,0.0,0.0,0.0,0.0,0.0,0.0,0.0,0.0,0.0,0.0,0.0152744055,0.0,0.0,0.0,0.0,0.0,0.0,0.0,0.058796044,0.0,0.0,0.0,0.037021603,0.03465735,0.01747465,0.0,0.0,0.03673115,0.060982246,0.09462941,0.0,0.0,0.12700228,0.07612827,0.0,0.0,0.050615713,0.059823982,0.030403325
0.0,0.0,0.0,0.08113227,0.0,0.0,0.054289054,0.09167924,0.0,0.07742239,0.034128323,0.0,0.06249907,0.03974801,0.0,0.02849383,0.0,0.06453624,0.0,0.0,0.0,0.0,0.0,0.0,0.0,0.0,0.0,0.0,0.0,0.01582016,0.0,0.0,0.0,0.0,0.0,0.0,0.0,0.05745319,0.0,0.0,0.0,0.03726516,0.03400501,0.017006494,0.0,0.0,0.035702012,0.0629723,0.09387282,0.0,0.0,0.1274961,0.08019154,0.0,0.0,0.05090454,0.059269726,0.02948496
0.0,0.0,0.0,0.080790915,0.0,0.0,0.05419003,0.090648115,0.0,0.07719104,0.03566822,0.0,0.06347313,0.039060887,0.0,0.026346847,0.0,0.06431673,0.0,0.0,0.0,0.0,0.0,0.0,0.0,0.0,0.0,0.0,0.0,0.015799796,0.0,0.0,0.0,0.0,0.0,0.0,0.0,0.05821543,0.0,0.0,0.0,0.03780646,0.03296922,0.01765369,0.0,0.0,0.03530569,0.06111731,0.09451492,0.0,0.0,0.12502946,0.079892814,0.0,0.0,0.051286682,0.057463266,0.028719515
0.0,0.0,0.0,0.08097584,0.0,0.0,0.053837616,0.09020756,0.0,0.07674385,0.032423317,0.0,0.06432944,0.03886763,0.0,0.027561149,0.0,0.064120054,0.0,0.0,0.0,0.0,0.0,0.0,0.0,0.0,0.0,0.0,0.0,0.014887286,0.0,0.0,0.0,0.0,0.0,0.0,0.0,0.058261856,0.0,0.0,0.0,0.037502863,0.033419028,0.016623007,0.0,0.0,0.034618203,0.060061976,0.093546905,0.0,0.0,0.12522589,0.079523385,0.0,0.0,0.050387833,0.059866842,0.031607747
0.0,0.0,0.0,0.08104847,0.0,0.0,0.054642916,0.09029161,0.0,0.07578772,0.03480876,0.0,0.06371518,0.039094843,0.0,0.02786753,0.0,0.06376222,0.0,0.0,0.0,0.0,0.0,0.0,0.0,0.0,0.0,0.0,0.0,0.01587437,0.0,0.0,0.0,0.0,0.0,0.0,0.0,0.057067007,0.0,0.0,0.0,0.035756316,0.031312127,0.01827971,0.0,0.0,0.0386238,0.059878968,0.0922259,0.0,0.0,0.12553819,0.07955154,0.0,0.0,0.049159776,0.058635835,0.029644763
0.0,0.0,0.0,0.08128981,0.0,0.0,0.055455446,0.08974084,0.0,0.07769812,0.034132246,0.0,0.06328437,0.038842503,0.0,0.026227647,0.0,0.06328643,0.0,0.0,0.0,0.0,0.0,0.0,0.0,0.0,0.0,0.0,0.0,0.015319316,0.0,0.0,0.0,0.0,0.0,0.0,0.0,0.057156786,0.0,0.0,0.0,0.035760045,0.033256754,0.01746706,0.0,0.0,0.037614703,0.061821852,0.09283012,0.0,0.0,0.1238703,0.07956751,0.0,0.0,0.050476816,0.057295647,0.030114425
0.0,0.0,0.0,0.08245097,0.0,0.0,0.053355217,0.089664124,0.0,0.07525449,0.035030924,0.0,0.062186275,0.039575964,0.0,0.0277522,0.0,0.06407203,0.0,0.0,0.0,0.0,0.0,0.0,0.0,0.0,0.0,0.0,0.0,0.015032754,0.0,0.0,0.0,0.0,0.0,0.0,0.0,0.058038916,0.0,0.0,0.0,0.035946753,0.03243,0.017986814,0.0,0.0,0.034436204,0.06128288,0.09258734,0.0,0.0,0.12303087,0.076893136,0.0,0.0,0.049035966,0.056779314,0.030357955
0.0,0.0,0.0,0.08155781,0.0,0.0,0.052166075,0.091106296,0.0,0.0763595,0.03461515,0.0,0.06410867,0.03976011,0.0,0.02579395,0.0,0.064219765,0.0,0.0,0.0,0.0,0.0,0.0,0.0,0.0,0.0,0.0,0.0,0.01566361,0.0,0.0,0.0,0.0,0.0,0.0,0.0,0.05514609,0.0,0.0,0.0,0.03623687,0.032027237,0.018126272,0.0,0.0,0.034854256,0.060845096,0.091807105,0.0,0.0,0.12371457,0.079121545,0.0,0.0,0.050116584,0.056403805,0.029371565
0.0,0.0,0.0,0.0813026,0.0,0.0,0.05092221,0.08967941,0.0,0.07395156,0.035387684,0.0,0.06342207,0.039336205,0.0,0.027983434,0.0,0.065114036,0.0,0.0,0.0,0.0,0.0,0.0,0.0,0.0,0.0,0.0,0.0,0.016000777,0.0,0.0,0.0,0.0,0.0,0.0,0.0,0.056676213,0.0,0.0,0.0,0.036768913,0.033690594,0.017762456,0.0,0.0,0.03636455,0.061981194,0.0934805,0.0,0.0,0.12336123,0.07860466,0.0,0.0,0.050920956,0.059591044,0.030028656
0.0,0.0,0.0,0.08170023,0.0,0.0,0.05098083,0.08954389,0.0,0.07751392,0.03596826,0.0,0.063353896,0.03862628,0.0,0.027354963,0.0,0.065274924,0.0,0.0,0.0,0.0,0.0,0.0,0.0,0.0,0.0,0.0,0.0,0.015275116,0.0,0.0,0.0,0.0,0.0,0.0,0.0,0.057686117,0.0,0.0,0.0,0.035530474,0.03214931,0.017874464,0.0,0.0,0.036082488,0.061054096,0.0920748,0.0,0.0,0.12443179,0.07774145,0.0,0.0,0.049682863,0.057431675,0.028733805
0.0,0.0,0.0,0.081998564,0.0,0.0,0.053538185,0.0888208,0.0,0.077389754,0.03399578,0.0,0.06320211,0.038886856,0.0,0.028380904,0.0,0.06339966,0.0,0.0,0.0,0.0,0.0,0.0,0.0,0.0,0.0,0.0,0.0,0.015596482,0.0,0.0,0.0,0.0,0.0,0.0,0.0,0.056944616,0.0,0.0,0.0,0.035763256,0.03372167,0.01748941,0.0,0.0,0.03573022,0.06391558,0.09325581,0.0,0.0,0.123429224,0.07646152,0.0,0.0,0.04873821,0.05881246,0.029862888
0.0,0.0,0.0,0.08018287,0.0,0.0,0.05209801,0.089577734,0.0,0.074906066,0.032858886,0.0,0.063922845,0.037609056,0.0,0.02721008,0.0,0.06461196,0.0,0.0,0.0,0.0,0.0,0.0,0.0,0.0,0.0,0.0,0.0,0.015774071,0.0,0.0,0.0,0.0,0.0,0.0,0.0,0.058037646,0.0,0.0,0.0,0.035554424,0.03352394,0.018210232,0.0,0.0,0.03605347,0.06566174,0.092685975,0.0,0.0,0.1239665,0.077894494,0.0,0.0,0.050045226,0.060046602,0.028833581
0.0,0.0,0.0,0.08041152,0.0,0.0,0.054037698,0.08915877,0.0,0.0733444,0.03342806,0.0,0.063247316,0.03889892,0.0,0.027732087,0.0,0.0656797,0.0,0.0,0.0,0.0,0.0,0.0,0.0,0.0,0.0,0.0,0.0,0.0147582255,0.0,0.0,0.0,0.0,0.0,0.0,0.0,0.056443404,0.0,0.0,0.0,0.035894316,0.0334899,0.018959623,0.0,0.0,0.036343016,0.062317196,0.09170771,0.0,0.0,0.12390478,0.0773613,0.0,0.0,0.049897183,0.058857266,0.029395606
0.0,0.0,0.0,0.07996679,0.0,0.0,0.0537453,0.088880435,0.0,0.07606042,0.033432823,0.0,0.064462125,0.038992226,0.0,0.027483763,0.0,0.06504985,0.0,0.0,0.0,0.0,0.0,0.0,0.0,0.0,0.0,0.0,0.0,0.015448398,0.0,0.0,0.0,0.0,0.0,0.0,0.0,0.057333846,0.0,0.0,0.0,0.03755747,0.031077996,0.018361839,0.0,0.0,0.03487034,0.058461,0.092374735,0.0,0.0,0.122403875,0.07779167,0.0,0.0,0.04845206,0.059029877,0.02907713
0.0,0.0,0.0,0.08104089,0.0,0.0,0.05314563,0.09086025,0.0,0.07744918,0.03446454,0.0,0.063499674,0.038849395,0.0,0.028030146,0.0,0.06305332,0.0,0.0,0.0,0.0,0.0,0.0,0.0,0.0,0.0,0.0,0.0,0.014994493,0.0,0.0,0.0,0.0,0.0,0.0,0.0,0.057421975,0.0,0.0,0.0,0.03702224,0.033635527,0.017870199,0.0,0.0,0.035901196,0.0589952,0.0930877,0.0,0.0,0.12105398,0.07781764,0.0,0.0,0.04673855,0.057071306,0.028817609
0.0,0.0,0.0,0.08076766,0.0,0.0,0.05158415,0.08939666,0.0,0.07702392,0.035124358,0.0,0.06262245,0.037987374,0.0,0.027513819,0.0,0.06379958,0.0,0.0,0.0,0.0,0.0,0.0,0.0,0.0,0.0,0.0,0.0,0.014238819,0.0,0.0,0.0,0.0,0.0,0.0,0.0,0.057087258,0.0,0.0,0.0,0.03635811,0.035516582,0.017668948,0.0,0.0,0.035303343,0.05980954,0.09143031,0.0,0.0,0.1215225,0.07868731,0.0,0.0,0.048123434,0.058581647,0.02960666
0.0,0.0,0.0,0.08000141,0.0,0.0,0.054038856,0.08922598,0.0,0.07304045,0.035896935,0.0,0.06288277,0.038955398,0.0,0.02547245,0.0,0.0632458,0.0,0.0,0.0,0.0,0.0,0.0,0.0,0.0,0.0,0.0,0.0,0.015373375,0.0,0.0,0.0,0.0,0.0,0.0,0.0,0.056648027,0.0,0.0,0.0,0.037729476,0.033900585,0.017027045,0.0,0.0,0.03515575,0.06108276,0.08987135,0.0,0.0,0.122877516,0.07875159,0.0,0.0,0.047873896,0.057692595,0.03088551
0.0,0.0,0.0,0.07971835,0.0,0.0,0.051126376,0.0895394,0.0,0.075311795,0.03379236,0.0,0.06348743,0.038301278,0.0,0.026338922,0.0,0.06316851,0.0,0.0,0.0,0.0,0.0,0.0,0.0,0.0,0.0,0.0,0.0,0.01565153,0.0,0.0,0.0,0.0,0.0,0.0,0.0,0.055973887,0.0,0.0,0.0,0.035875086,0.0331023,0.01783119,0.0,0.0,0.03560999,0.06421619,0.09030608,0.0,0.0,0.12248678,0.07880398,0.0,0.0,0.048413467,0.05771305,0.030378805
0.0,0.0,0.0,0.080225095,0.0,0.0,0.05278501,0.089202605,0.0,0.07567168,0.034081217,0.0,0.06309759,0.038523648,0.0,0.026046343,0.0,0.06317699,0.0,0.0,0.0,0.0,0.0,0.0,0.0,0.0,0.0,0.0,0.0,0.015448054,0.0,0.0,0.0,0.0,0.0,0.0,0.0,0.056470234,0.0,0.0,0.0,0.03780647,0.03260201,0.01820241,0.0,0.0,0.0343701,0.061910328,0.09181287,0.0,0.0,0.12102336,0.07796969,0.0,0.0,0.049026445,0.060716983,0.031250577
0.0,0.0,0.0,0.08076707,0.0,0.0,0.051102903,0.08853436,0.0,0.077516936,0.03341555,0.0,0.06344167,0.038402557,0.0,0.026706934,0.0,0.06402926,0.0,0.0,0.0,0.0,0.0,0.0,0.0,0.0,0.0,0.0,0.0,0.015578839,0.0,0.0,0.0,0.0,0.0,0.0,0.0,0.057933103,0.0,0.0,0.0,0.03847474,0.03141496,0.01665992,0.0,0.0,0.034994576,0.062031884,0.09091987,0.0,0.0,0.122637026,0.080233894,0.0,0.0,0.05017482,0.05758115,0.029915439
0.0,0.0,0.0,0.07960381,0.0,0.0,0.0541071,0.089160345,0.0,0.0775242,0.03330397,0.0,0.062922604,0.038491502,0.0,0.029269964,0.0,0.0637993,0.0,0.0,0.0,0.0,0.0,0.0,0.0,0.0,0.0,0.0,0.0,0.015917033,0.0,0.0,0.0,0.0,0.0,0.0,0.0,0.057166524,0.0,0.0,0.0,0.03703563,0.03346972,0.01724093,0.0,0.0,0.036883377,0.060586173,0.09056638,0.0,0.0,0.122519456,0.0767808,0.0,0.0,0.05167429,0.057589363,0.028912688
