center,target_label,plot_label,method,n_features,budget_kind,feature_count,best_test_r2,best_train_r2,min_test_loss,min_train_loss,final_test_r2,final_train_r2,final_test_loss,final_train_loss,best_epoch,full_dnn_r2,ratio_to_full,output_dir
net_actual_interchange_mw,net_actual_interchange_mw,"net_actual_interchange_mw
n=9",DNN_AllFeatures,9,0.97,67,0.967963695526123,0.9934613108634949,0.03034995329032493,0.006538710523891163,0.9655976295471191,0.9924269318580627,0.032591485341715555,0.007573068177812,139,0.967963695526123,1.0,/Users/haocun/Desktop/AllProjects/L1_GATE_DNN/NEW_PROJECT/outputs/data2025_Processed_V2/BaselineComparison/BudgetBaselineL1Selector_20260604_113307/CenterOn_net_actual_interchange_mw/DNN_AllFeatures
net_actual_interchange_mw,net_actual_interchange_mw,"net_actual_interchange_mw
n=9",L1GateDNN,9,0.97,9,0.9395973682403564,0.9459518790245056,0.0626832438052364,0.054048127439577695,0.9348628520965576,0.9425827860832214,0.06759645056657783,0.05741722285109363,143,0.967963695526123,0.9706948438078058,/Users/haocun/Desktop/AllProjects/L1_GATE_DNN/NEW_PROJECT/outputs/data2025_Processed_V2/BaselineComparison/BudgetBaselineL1Selector_20260604_113307/CenterOn_net_actual_interchange_mw/Sweep/n09/L1GateDNN
net_actual_interchange_mw,net_actual_interchange_mw,"net_actual_interchange_mw
n=9",NMI,9,0.97,9,0.6973661780357361,0.7484899759292603,0.307711862933452,0.2515100173027038,0.6904582977294922,0.7482904195785522,0.31473557914279776,0.25170957251158477,148,0.967963695526123,0.7204466254870153,/Users/haocun/Desktop/AllProjects/L1_GATE_DNN/NEW_PROJECT/outputs/data2025_Processed_V2/BaselineComparison/BudgetBaselineL1Selector_20260604_113307/CenterOn_net_actual_interchange_mw/Budget_97/NMI
net_actual_interchange_mw,net_actual_interchange_mw,"net_actual_interchange_mw
n=9",Pearson,9,0.97,9,0.7630340456962585,0.790989100933075,0.24591287433012435,0.20901089985399565,0.7468534708023071,0.7782653570175171,0.26270434286734556,0.22173465262941597,129,0.967963695526123,0.7882878761083308,/Users/haocun/Desktop/AllProjects/L1_GATE_DNN/NEW_PROJECT/outputs/data2025_Processed_V2/BaselineComparison/BudgetBaselineL1Selector_20260604_113307/CenterOn_net_actual_interchange_mw/Budget_97/Pearson
net_actual_interchange_mw,net_actual_interchange_mw,"net_actual_interchange_mw
n=9",Spearman,9,0.97,9,0.7941582202911377,0.8364228010177612,0.2136136152904872,0.16357717711443903,0.7788470983505249,0.8240446448326111,0.22950280672066833,0.17595535457176792,145,0.967963695526123,0.8204421549709922,/Users/haocun/Desktop/AllProjects/L1_GATE_DNN/NEW_PROJECT/outputs/data2025_Processed_V2/BaselineComparison/BudgetBaselineL1Selector_20260604_113307/CenterOn_net_actual_interchange_mw/Budget_97/Spearman
net_actual_interchange_mw,net_actual_interchange_mw,"net_actual_interchange_mw
n=9",Lasso,9,0.97,9,0.924821138381958,0.9378479719161987,0.07801733457602425,0.062152033383232795,0.9228417277336121,0.93545001745224,0.0800714703876372,0.06454996785533207,140,0.967963695526123,0.9554295710225831,/Users/haocun/Desktop/AllProjects/L1_GATE_DNN/NEW_PROJECT/outputs/data2025_Processed_V2/BaselineComparison/BudgetBaselineL1Selector_20260604_113307/CenterOn_net_actual_interchange_mw/Budget_97/Lasso
net_actual_interchange_mw,net_actual_interchange_mw,"net_actual_interchange_mw
n=9",ElasticNet,9,0.97,9,0.9245570302009583,0.9376864433288574,0.07829139460931792,0.06231353691992464,0.9245570302009583,0.9376822113990784,0.07829139460931792,0.06231777135184371,150,0.967963695526123,0.9551567217595163,/Users/haocun/Desktop/AllProjects/L1_GATE_DNN/NEW_PROJECT/outputs/data2025_Processed_V2/BaselineComparison/BudgetBaselineL1Selector_20260604_113307/CenterOn_net_actual_interchange_mw/Budget_97/ElasticNet
net_actual_interchange_mw,net_actual_interchange_mw,"net_actual_interchange_mw
n=9",RandomForest,9,0.97,9,0.8705075979232788,0.9106770753860474,0.13438155780201905,0.0893229059762003,0.8678971529006958,0.905177652835846,0.13709059573250681,0.0948223197589403,142,0.967963695526123,0.8993184371962697,/Users/haocun/Desktop/AllProjects/L1_GATE_DNN/NEW_PROJECT/outputs/data2025_Processed_V2/BaselineComparison/BudgetBaselineL1Selector_20260604_113307/CenterOn_net_actual_interchange_mw/Budget_97/RandomForest
net_actual_interchange_mw,net_actual_interchange_mw,"net_actual_interchange_mw
n=9",XGBoost,9,0.97,9,0.8121622800827026,0.8945082426071167,0.19492980680475225,0.10549176106233413,0.8017412424087524,0.8875395655632019,0.20574427234884946,0.11246043497392061,130,0.967963695526123,0.8390420878763054,/Users/haocun/Desktop/AllProjects/L1_GATE_DNN/NEW_PROJECT/outputs/data2025_Processed_V2/BaselineComparison/BudgetBaselineL1Selector_20260604_113307/CenterOn_net_actual_interchange_mw/Budget_97/XGBoost
gross_actual_interchange_mw,gross_actual_interchange_mw,"gross_actual_interchange_mw
n=8",DNN_AllFeatures,8,0.97,69,0.8499119877815247,0.9752395749092102,0.14651726687145306,0.024760414473641405,0.8485507369041443,0.9752395749092102,0.14784614990533487,0.024760414473641405,136,0.8499119877815247,1.0,/Users/haocun/Desktop/AllProjects/L1_GATE_DNN/NEW_PROJECT/outputs/data2025_Processed_V2/BaselineComparison/BudgetBaselineL1Selector_20260604_113307/CenterOn_gross_actual_interchange_mw/DNN_AllFeatures
gross_actual_interchange_mw,gross_actual_interchange_mw,"gross_actual_interchange_mw
n=8",L1GateDNN,8,0.97,8,0.8364913463592529,0.9093306660652161,0.15961866168214417,0.090669339616491,0.8244093656539917,0.8988223075866699,0.17141317613650023,0.10117770018926975,109,0.8499119877815247,0.9842093750703496,/Users/haocun/Desktop/AllProjects/L1_GATE_DNN/NEW_PROJECT/outputs/data2025_Processed_V2/BaselineComparison/BudgetBaselineL1Selector_20260604_113307/CenterOn_gross_actual_interchange_mw/Sweep/n08/L1GateDNN
gross_actual_interchange_mw,gross_actual_interchange_mw,"gross_actual_interchange_mw
n=8",NMI,8,0.97,8,0.7139093279838562,0.764480471611023,0.3035548610833886,0.23551951748698546,0.7050145268440247,0.7613154053688049,0.31299264404335864,0.23868464942832746,145,0.8499119877815247,0.8399803017808135,/Users/haocun/Desktop/AllProjects/L1_GATE_DNN/NEW_PROJECT/outputs/data2025_Processed_V2/BaselineComparison/BudgetBaselineL1Selector_20260604_113307/CenterOn_gross_actual_interchange_mw/Budget_97/NMI
gross_actual_interchange_mw,gross_actual_interchange_mw,"gross_actual_interchange_mw
n=8",Pearson,8,0.97,8,0.775285005569458,0.8281639218330383,0.2384325358421291,0.17183609202578612,0.7548252940177917,0.8165603876113892,0.26014120027541976,0.18343962599216912,144,0.8499119877815247,0.9121944586205202,/Users/haocun/Desktop/AllProjects/L1_GATE_DNN/NEW_PROJECT/outputs/data2025_Processed_V2/BaselineComparison/BudgetBaselineL1Selector_20260604_113307/CenterOn_gross_actual_interchange_mw/Budget_97/Pearson
gross_actual_interchange_mw,gross_actual_interchange_mw,"gross_actual_interchange_mw
n=8",Spearman,8,0.97,8,0.7642793655395508,0.8282063603401184,0.2501100759664083,0.17179365071077843,0.754932165145874,0.8238407373428345,0.26002781274707215,0.1761592970861868,144,0.8499119877815247,0.8992453060163375,/Users/haocun/Desktop/AllProjects/L1_GATE_DNN/NEW_PROJECT/outputs/data2025_Processed_V2/BaselineComparison/BudgetBaselineL1Selector_20260604_113307/CenterOn_gross_actual_interchange_mw/Budget_97/Spearman
gross_actual_interchange_mw,gross_actual_interchange_mw,"gross_actual_interchange_mw
n=8",Lasso,8,0.97,8,0.7279045581817627,0.7575638294219971,0.2887053197105181,0.2424361652067778,0.7216885089874268,0.7545053362846375,0.2953007600044823,0.24549470148411587,137,0.8499119877815247,0.856446983506809,/Users/haocun/Desktop/AllProjects/L1_GATE_DNN/NEW_PROJECT/outputs/data2025_Processed_V2/BaselineComparison/BudgetBaselineL1Selector_20260604_113307/CenterOn_gross_actual_interchange_mw/Budget_97/Lasso
gross_actual_interchange_mw,gross_actual_interchange_mw,"gross_actual_interchange_mw
n=8",ElasticNet,8,0.97,8,0.7904454469680786,0.857650876045227,0.20456903539143684,0.14234908876768693,0.7879348993301392,0.8547857403755188,0.2070199159632732,0.1452142416430647,149,0.8499119877815247,0.93003211900956,/Users/haocun/Desktop/AllProjects/L1_GATE_DNN/NEW_PROJECT/outputs/data2025_Processed_V2/BaselineComparison/BudgetBaselineL1Selector_20260604_113307/CenterOn_gross_actual_interchange_mw/Budget_97/ElasticNet
gross_actual_interchange_mw,gross_actual_interchange_mw,"gross_actual_interchange_mw
n=8",RandomForest,8,0.97,8,0.8045847415924072,0.8746486306190491,0.20734420494435857,0.12535136908446995,0.8001129031181335,0.8738175630569458,0.21208903435872842,0.12618242487906983,130,0.8499119877815247,0.9466683058472531,/Users/haocun/Desktop/AllProjects/L1_GATE_DNN/NEW_PROJECT/outputs/data2025_Processed_V2/BaselineComparison/BudgetBaselineL1Selector_20260604_113307/CenterOn_gross_actual_interchange_mw/Budget_97/RandomForest
gross_actual_interchange_mw,gross_actual_interchange_mw,"gross_actual_interchange_mw
n=8",XGBoost,8,0.97,8,0.7769606113433838,0.8212212324142456,0.23665463175097284,0.17877875615727637,0.7726929187774658,0.8203983902931213,0.24118285636804557,0.17960162392733015,146,0.8499119877815247,0.9141659636681186,/Users/haocun/Desktop/AllProjects/L1_GATE_DNN/NEW_PROJECT/outputs/data2025_Processed_V2/BaselineComparison/BudgetBaselineL1Selector_20260604_113307/CenterOn_gross_actual_interchange_mw/Budget_97/XGBoost
net_sched_interchange_mw,net_sched_interchange_mw,"net_sched_interchange_mw
n=12",DNN_AllFeatures,12,0.97,67,0.9691498875617981,0.9930683970451355,0.029236967459593605,0.0069316306625102865,0.965566873550415,0.991460919380188,0.032632636153366326,0.008539077753384408,123,0.9691498875617981,1.0,/Users/haocun/Desktop/AllProjects/L1_GATE_DNN/NEW_PROJECT/outputs/data2025_Processed_V2/BaselineComparison/BudgetBaselineL1Selector_20260604_113307/CenterOn_net_sched_interchange_mw/DNN_AllFeatures
net_sched_interchange_mw,net_sched_interchange_mw,"net_sched_interchange_mw
n=12",L1GateDNN,12,0.97,12,0.9573473930358887,0.9682818651199341,0.04426192958971069,0.031718130390306694,0.9573473930358887,0.9682818651199341,0.04426192958971069,0.031718130390306694,150,0.9691498875617981,0.9878218068459954,/Users/haocun/Desktop/AllProjects/L1_GATE_DNN/NEW_PROJECT/outputs/data2025_Processed_V2/BaselineComparison/BudgetBaselineL1Selector_20260604_113307/CenterOn_net_sched_interchange_mw/Sweep/n12/L1GateDNN
net_sched_interchange_mw,net_sched_interchange_mw,"net_sched_interchange_mw
n=12",NMI,12,0.97,12,0.7969028949737549,0.8633582592010498,0.21076016084261273,0.1366417359914378,0.7965967655181885,0.8633582592010498,0.2110778645327374,0.1366417359914378,143,0.9691498875617981,0.8222700174671796,/Users/haocun/Desktop/AllProjects/L1_GATE_DNN/NEW_PROJECT/outputs/data2025_Processed_V2/BaselineComparison/BudgetBaselineL1Selector_20260604_113307/CenterOn_net_sched_interchange_mw/Budget_97/NMI
net_sched_interchange_mw,net_sched_interchange_mw,"net_sched_interchange_mw
n=12",Pearson,12,0.97,12,0.8236398100852966,0.8859212398529053,0.1830144669778473,0.11407875535553647,0.8172772526741028,0.878636360168457,0.18961706195349834,0.1213636273022297,140,0.9691498875617981,0.8498580257357529,/Users/haocun/Desktop/AllProjects/L1_GATE_DNN/NEW_PROJECT/outputs/data2025_Processed_V2/BaselineComparison/BudgetBaselineL1Selector_20260604_113307/CenterOn_net_sched_interchange_mw/Budget_97/Pearson
net_sched_interchange_mw,net_sched_interchange_mw,"net_sched_interchange_mw
n=12",Spearman,12,0.97,12,0.8240293264389038,0.882201075553894,0.1826102878323216,0.1177989272965779,0.8185310959815979,0.8779212832450867,0.188315929855607,0.12207870922988011,133,0.9691498875617981,0.8502599412274702,/Users/haocun/Desktop/AllProjects/L1_GATE_DNN/NEW_PROJECT/outputs/data2025_Processed_V2/BaselineComparison/BudgetBaselineL1Selector_20260604_113307/CenterOn_net_sched_interchange_mw/Budget_97/Spearman
net_sched_interchange_mw,net_sched_interchange_mw,"net_sched_interchange_mw
n=12",Lasso,12,0.97,12,0.9381153583526611,0.950343906879425,0.06421960959717053,0.049656084117125306,0.9343426823616028,0.9469407200813293,0.06813462588991374,0.05305927052700375,138,0.9691498875617981,0.9679775753911357,/Users/haocun/Desktop/AllProjects/L1_GATE_DNN/NEW_PROJECT/outputs/data2025_Processed_V2/BaselineComparison/BudgetBaselineL1Selector_20260604_113307/CenterOn_net_sched_interchange_mw/Budget_97/Lasso
net_sched_interchange_mw,net_sched_interchange_mw,"net_sched_interchange_mw
n=12",ElasticNet,12,0.97,12,0.9440496563911438,0.9534640908241272,0.058061397776909204,0.0465358935594346,0.9402033090591431,0.9492173194885254,0.062052868763792866,0.05078269304145263,145,0.9691498875617981,0.9741007748204957,/Users/haocun/Desktop/AllProjects/L1_GATE_DNN/NEW_PROJECT/outputs/data2025_Processed_V2/BaselineComparison/BudgetBaselineL1Selector_20260604_113307/CenterOn_net_sched_interchange_mw/Budget_97/ElasticNet
net_sched_interchange_mw,net_sched_interchange_mw,"net_sched_interchange_mw
n=12",RandomForest,12,0.97,12,0.8822248578071594,0.9298855066299438,0.12221894833816377,0.07011450034467175,0.8693820238113403,0.9165800213813782,0.13554632102381692,0.08341997547565742,139,0.9691498875617981,0.9103079607496772,/Users/haocun/Desktop/AllProjects/L1_GATE_DNN/NEW_PROJECT/outputs/data2025_Processed_V2/BaselineComparison/BudgetBaselineL1Selector_20260604_113307/CenterOn_net_sched_interchange_mw/Budget_97/RandomForest
net_sched_interchange_mw,net_sched_interchange_mw,"net_sched_interchange_mw
n=12",XGBoost,12,0.97,12,0.8742449879646301,0.9314397573471069,0.13049988651894814,0.06856026739243692,0.8721849918365479,0.9286889433860779,0.1326375772292007,0.07131105522857148,124,0.9691498875617981,0.9020740745934241,/Users/haocun/Desktop/AllProjects/L1_GATE_DNN/NEW_PROJECT/outputs/data2025_Processed_V2/BaselineComparison/BudgetBaselineL1Selector_20260604_113307/CenterOn_net_sched_interchange_mw/Budget_97/XGBoost
total_gen,total_gen,"total_gen
n=13",DNN_AllFeatures,13,0.97,42,0.9252952337265015,0.9793938994407654,0.07486021332017499,0.02060608399317485,0.9199827313423157,0.9776977300643921,0.08018373571268228,0.02230225417488701,93,0.9252952337265015,1.0,/Users/haocun/Desktop/AllProjects/L1_GATE_DNN/NEW_PROJECT/outputs/data2025_Processed_V2/BaselineComparison/BudgetBaselineL1Selector_20260604_113307/CenterOn_total_gen/DNN_AllFeatures
total_gen,total_gen,"total_gen
n=13",L1GateDNN,13,0.97,13,0.912416398525238,0.9540566802024841,0.08776583394554516,0.045943314458889946,0.9062039256095886,0.9540566802024841,0.09399125770959135,0.045943314458889946,96,0.9252952337265015,0.9860813773465625,/Users/haocun/Desktop/AllProjects/L1_GATE_DNN/NEW_PROJECT/outputs/data2025_Processed_V2/BaselineComparison/BudgetBaselineL1Selector_20260604_113307/CenterOn_total_gen/Sweep/n13/L1GateDNN
total_gen,total_gen,"total_gen
n=13",NMI,13,0.97,13,0.7991526126861572,0.8497552871704102,0.2012653219934604,0.15024469183443206,0.789669930934906,0.8448098301887512,0.2107677089484179,0.1551901492860049,94,0.9252952337265015,0.8636731105462179,/Users/haocun/Desktop/AllProjects/L1_GATE_DNN/NEW_PROJECT/outputs/data2025_Processed_V2/BaselineComparison/BudgetBaselineL1Selector_20260604_113307/CenterOn_total_gen/Budget_97/NMI
total_gen,total_gen,"total_gen
n=13",Pearson,13,0.97,13,0.8560411930084229,0.8998879194259644,0.1442583570656575,0.1001120545097614,0.8510898351669312,0.8976786732673645,0.1492200472634541,0.10232132377919473,144,0.9252952337265015,0.9251546552994039,/Users/haocun/Desktop/AllProjects/L1_GATE_DNN/NEW_PROJECT/outputs/data2025_Processed_V2/BaselineComparison/BudgetBaselineL1Selector_20260604_113307/CenterOn_total_gen/Budget_97/Pearson
total_gen,total_gen,"total_gen
n=13",Spearman,13,0.97,13,0.827872633934021,0.8866972923278809,0.17248550142463484,0.11330268152598207,0.8248217105865479,0.8866972923278809,0.1755428082016233,0.11330268152598207,134,0.9252952337265015,0.8947118754733836,/Users/haocun/Desktop/AllProjects/L1_GATE_DNN/NEW_PROJECT/outputs/data2025_Processed_V2/BaselineComparison/BudgetBaselineL1Selector_20260604_113307/CenterOn_total_gen/Budget_97/Spearman
total_gen,total_gen,"total_gen
n=13",Lasso,13,0.97,13,0.8934993743896484,0.9394218921661377,0.10672219839270257,0.060578086598963396,0.8827621340751648,0.9326596856117249,0.11748180545220092,0.06734028510902434,87,0.9252952337265015,0.9656370656868084,/Users/haocun/Desktop/AllProjects/L1_GATE_DNN/NEW_PROJECT/outputs/data2025_Processed_V2/BaselineComparison/BudgetBaselineL1Selector_20260604_113307/CenterOn_total_gen/Budget_97/Lasso
total_gen,total_gen,"total_gen
n=13",ElasticNet,13,0.97,13,0.8784706592559814,0.919811487197876,0.12178222048330252,0.08018848514843512,0.8723138570785522,0.9153096079826355,0.12795182788685033,0.08469036951146544,135,0.9252952337265015,0.9493949900920375,/Users/haocun/Desktop/AllProjects/L1_GATE_DNN/NEW_PROJECT/outputs/data2025_Processed_V2/BaselineComparison/BudgetBaselineL1Selector_20260604_113307/CenterOn_total_gen/Budget_97/ElasticNet
total_gen,total_gen,"total_gen
n=13",RandomForest,13,0.97,13,0.8953000903129578,0.9441694021224976,0.10491773273931927,0.055830574699690286,0.8913266062736511,0.9432775974273682,0.10889951537307947,0.05672239234881501,105,0.9252952337265015,0.9675831644644464,/Users/haocun/Desktop/AllProjects/L1_GATE_DNN/NEW_PROJECT/outputs/data2025_Processed_V2/BaselineComparison/BudgetBaselineL1Selector_20260604_113307/CenterOn_total_gen/Budget_97/RandomForest
total_gen,total_gen,"total_gen
n=13",XGBoost,13,0.97,13,0.8945503234863281,0.9327577352523804,0.10566908087938616,0.06724228780742174,0.8945503234863281,0.9327577352523804,0.10566908087938616,0.06724228780742174,150,0.9252952337265015,0.9667728643577332,/Users/haocun/Desktop/AllProjects/L1_GATE_DNN/NEW_PROJECT/outputs/data2025_Processed_V2/BaselineComparison/BudgetBaselineL1Selector_20260604_113307/CenterOn_total_gen/Budget_97/XGBoost
metered_load_mw,metered_load_mw,"metered_load_mw
n=11",DNN_AllFeatures,11,0.97,42,0.9157376885414124,0.976943850517273,0.0836812094466327,0.023056149723265557,0.9093779921531677,0.9767968654632568,0.08999706646980352,0.023203154284024363,120,0.9157376885414124,1.0,/Users/haocun/Desktop/AllProjects/L1_GATE_DNN/NEW_PROJECT/outputs/data2025_Processed_V2/BaselineComparison/BudgetBaselineL1Selector_20260604_113307/CenterOn_metered_load_mw/DNN_AllFeatures
metered_load_mw,metered_load_mw,"metered_load_mw
n=11",L1GateDNN,11,0.97,11,0.8897529244422913,0.9411236643791199,0.1094867935123509,0.05887634745696942,0.8867706656455994,0.9411236643791199,0.1124484890340466,0.05887634745696942,109,0.9157376885414124,0.9716242277409051,/Users/haocun/Desktop/AllProjects/L1_GATE_DNN/NEW_PROJECT/outputs/data2025_Processed_V2/BaselineComparison/BudgetBaselineL1Selector_20260604_113307/CenterOn_metered_load_mw/Sweep/n11/L1GateDNN
metered_load_mw,metered_load_mw,"metered_load_mw
n=11",NMI,11,0.97,11,0.7318519353866577,0.800197958946228,0.26629885599085185,0.19980206120903837,0.7218399047851562,0.7958930730819702,0.27624180266574094,0.204106974477144,114,0.9157376885414124,0.7991938570884333,/Users/haocun/Desktop/AllProjects/L1_GATE_DNN/NEW_PROJECT/outputs/data2025_Processed_V2/BaselineComparison/BudgetBaselineL1Selector_20260604_113307/CenterOn_metered_load_mw/Budget_97/NMI
metered_load_mw,metered_load_mw,"metered_load_mw
n=11",Pearson,11,0.97,11,0.8272026181221008,0.8790790438652039,0.17160569775220194,0.12092095432530868,0.825556218624115,0.8790790438652039,0.17324077303959354,0.12092095432530868,147,0.9157376885414124,0.9033183066208291,/Users/haocun/Desktop/AllProjects/L1_GATE_DNN/NEW_PROJECT/outputs/data2025_Processed_V2/BaselineComparison/BudgetBaselineL1Selector_20260604_113307/CenterOn_metered_load_mw/Budget_97/Pearson
metered_load_mw,metered_load_mw,"metered_load_mw
n=11",Spearman,11,0.97,11,0.8497069478034973,0.9013451337814331,0.14925656320535702,0.09865486148859642,0.8453205823898315,0.8985409736633301,0.1536126815241902,0.10145904022039309,131,0.9157376885414124,0.9278933895981841,/Users/haocun/Desktop/AllProjects/L1_GATE_DNN/NEW_PROJECT/outputs/data2025_Processed_V2/BaselineComparison/BudgetBaselineL1Selector_20260604_113307/CenterOn_metered_load_mw/Budget_97/Spearman
metered_load_mw,metered_load_mw,"metered_load_mw
n=11",Lasso,11,0.97,11,0.8660092353820801,0.9166842103004456,0.1330666795934308,0.08331576278794676,0.8631503582000732,0.9166842103004456,0.13590591573517888,0.08331576278794676,88,0.9157376885414124,0.9456957447732224,/Users/haocun/Desktop/AllProjects/L1_GATE_DNN/NEW_PROJECT/outputs/data2025_Processed_V2/BaselineComparison/BudgetBaselineL1Selector_20260604_113307/CenterOn_metered_load_mw/Budget_97/Lasso
metered_load_mw,metered_load_mw,"metered_load_mw
n=11",ElasticNet,11,0.97,11,0.837892472743988,0.8862825036048889,0.1609895797148687,0.11371749408913087,0.8332986831665039,0.8862825036048889,0.165551687799156,0.11371749408913087,130,0.9157376885414124,0.9149917964811339,/Users/haocun/Desktop/AllProjects/L1_GATE_DNN/NEW_PROJECT/outputs/data2025_Processed_V2/BaselineComparison/BudgetBaselineL1Selector_20260604_113307/CenterOn_metered_load_mw/Budget_97/ElasticNet
metered_load_mw,metered_load_mw,"metered_load_mw
n=11",RandomForest,11,0.97,11,0.8771283626556396,0.9207432270050049,0.12202424424185873,0.07925677039452135,0.8763041496276855,0.9201496243476868,0.1228428093299746,0.07985037694723435,121,0.9157376885414124,0.9578380071401564,/Users/haocun/Desktop/AllProjects/L1_GATE_DNN/NEW_PROJECT/outputs/data2025_Processed_V2/BaselineComparison/BudgetBaselineL1Selector_20260604_113307/CenterOn_metered_load_mw/Budget_97/RandomForest
metered_load_mw,metered_load_mw,"metered_load_mw
n=11",XGBoost,11,0.97,11,0.872900128364563,0.897194504737854,0.12622335057314402,0.10280552566833964,0.8675020337104797,0.8915538191795349,0.13158419588793357,0.10844618593210771,147,0.9157376885414124,0.9532207086015199,/Users/haocun/Desktop/AllProjects/L1_GATE_DNN/NEW_PROJECT/outputs/data2025_Processed_V2/BaselineComparison/BudgetBaselineL1Selector_20260604_113307/CenterOn_metered_load_mw/Budget_97/XGBoost
total_losses,total_losses,"total_losses
n=12",DNN_AllFeatures,12,0.97,69,0.9412600994110107,0.9919224977493286,0.05760181060333441,0.008077491850192246,0.9395266175270081,0.9917252659797668,0.059301670299979244,0.008274711120957515,88,0.9412600994110107,1.0,/Users/haocun/Desktop/AllProjects/L1_GATE_DNN/NEW_PROJECT/outputs/data2025_Processed_V2/BaselineComparison/BudgetBaselineL1Selector_20260604_113307/CenterOn_total_losses/DNN_AllFeatures
total_losses,total_losses,"total_losses
n=12",L1GateDNN,12,0.97,12,0.9290541410446167,0.9649801850318909,0.06957126139640445,0.035019805816142134,0.9272767901420593,0.963835597038269,0.07131416721428495,0.036164376874043,141,0.9412600994110107,0.987032321486875,/Users/haocun/Desktop/AllProjects/L1_GATE_DNN/NEW_PROJECT/outputs/data2025_Processed_V2/BaselineComparison/BudgetBaselineL1Selector_20260604_113307/CenterOn_total_losses/Sweep/n12/L1GateDNN
total_losses,total_losses,"total_losses
n=12",NMI,12,0.97,12,0.8820503354072571,0.9183825850486755,0.11816387933564104,0.08161742799648807,0.8796545267105103,0.9162424206733704,0.12056399121897542,0.08375758382569544,148,0.9412600994110107,0.9370952151899311,/Users/haocun/Desktop/AllProjects/L1_GATE_DNN/NEW_PROJECT/outputs/data2025_Processed_V2/BaselineComparison/BudgetBaselineL1Selector_20260604_113307/CenterOn_total_losses/Budget_97/NMI
total_losses,total_losses,"total_losses
n=12",Pearson,12,0.97,12,0.9045218825340271,0.9379234313964844,0.09362815516978139,0.06207655749584226,0.8955275416374207,0.9293797016143799,0.10244823821888464,0.07062032697885706,140,0.9412600994110107,0.9609691126820605,/Users/haocun/Desktop/AllProjects/L1_GATE_DNN/NEW_PROJECT/outputs/data2025_Processed_V2/BaselineComparison/BudgetBaselineL1Selector_20260604_113307/CenterOn_total_losses/Budget_97/Pearson
total_losses,total_losses,"total_losses
n=12",Spearman,12,0.97,12,0.9144430160522461,0.9430373907089233,0.08389928021536368,0.05696261221362515,0.9144430160522461,0.9430373907089233,0.08389928021536368,0.05696261221362515,150,0.9412600994110107,0.9715093804830935,/Users/haocun/Desktop/AllProjects/L1_GATE_DNN/NEW_PROJECT/outputs/data2025_Processed_V2/BaselineComparison/BudgetBaselineL1Selector_20260604_113307/CenterOn_total_losses/Budget_97/Spearman
total_losses,total_losses,"total_losses
n=12",Lasso,12,0.97,12,0.9145732522010803,0.9433485269546509,0.08558186476403788,0.056651486874924314,0.9092679023742676,0.9401314854621887,0.09089687137894298,0.059868529760714176,147,0.9412600994110107,0.9716477440968446,/Users/haocun/Desktop/AllProjects/L1_GATE_DNN/NEW_PROJECT/outputs/data2025_Processed_V2/BaselineComparison/BudgetBaselineL1Selector_20260604_113307/CenterOn_total_losses/Budget_97/Lasso
total_losses,total_losses,"total_losses
n=12",ElasticNet,12,0.97,12,0.9025256633758545,0.9395230412483215,0.09765135706933938,0.06047695518592951,0.9015735387802124,0.9377738833427429,0.09860516548769115,0.06222609118914111,143,0.9412600994110107,0.9588483182710134,/Users/haocun/Desktop/AllProjects/L1_GATE_DNN/NEW_PROJECT/outputs/data2025_Processed_V2/BaselineComparison/BudgetBaselineL1Selector_20260604_113307/CenterOn_total_losses/Budget_97/ElasticNet
total_losses,total_losses,"total_losses
n=12",RandomForest,12,0.97,12,0.9008054733276367,0.9281471371650696,0.09937464432646287,0.07185286794557136,0.8987982273101807,0.9281471371650696,0.10138550864694189,0.07185286794557136,132,0.9412600994110107,0.9570207787319485,/Users/haocun/Desktop/AllProjects/L1_GATE_DNN/NEW_PROJECT/outputs/data2025_Processed_V2/BaselineComparison/BudgetBaselineL1Selector_20260604_113307/CenterOn_total_losses/Budget_97/RandomForest
total_losses,total_losses,"total_losses
n=12",XGBoost,12,0.97,12,0.9082823991775513,0.9436407089233398,0.09188417602568592,0.0563593046509692,0.9082823991775513,0.9415249824523926,0.09188417602568592,0.058475013723933295,150,0.9412600994110107,0.9649643066203538,/Users/haocun/Desktop/AllProjects/L1_GATE_DNN/NEW_PROJECT/outputs/data2025_Processed_V2/BaselineComparison/BudgetBaselineL1Selector_20260604_113307/CenterOn_total_losses/Budget_97/XGBoost
congestion_price_da,congestion_price_da,"congestion_price_da
n=2",DNN_AllFeatures,2,0.97,69,0.9407544732093811,0.9928767085075378,0.06785027132789809,0.007123320683137912,0.9247636795043945,0.9868335127830505,0.08616354940856648,0.01316649735547193,141,0.9407544732093811,1.0,/Users/haocun/Desktop/AllProjects/L1_GATE_DNN/NEW_PROJECT/outputs/data2025_Processed_V2/BaselineComparison/BudgetBaselineL1Selector_20260604_113307/CenterOn_congestion_price_da/DNN_AllFeatures
congestion_price_da,congestion_price_da,"congestion_price_da
n=2",L1GateDNN,2,0.97,2,0.9953500628471375,0.9966986179351807,0.003566068080420349,0.0033013703207592756,0.9867492914199829,0.9892977476119995,0.010162007647431477,0.010702270039074977,139,0.9407544732093811,1.0580338347491494,/Users/haocun/Desktop/AllProjects/L1_GATE_DNN/NEW_PROJECT/outputs/data2025_Processed_V2/BaselineComparison/BudgetBaselineL1Selector_20260604_113307/CenterOn_congestion_price_da/Sweep/n02/L1GateDNN
congestion_price_da,congestion_price_da,"congestion_price_da
n=2",NMI,2,0.97,2,0.17332786321640015,0.23560208082199097,0.6339786077416864,0.764397819620051,0.14032703638076782,0.23011094331741333,0.6592871415238513,0.7698890666549677,80,0.9407544732093811,0.18424346431762653,/Users/haocun/Desktop/AllProjects/L1_GATE_DNN/NEW_PROJECT/outputs/data2025_Processed_V2/BaselineComparison/BudgetBaselineL1Selector_20260604_113307/CenterOn_congestion_price_da/Budget_97/NMI
congestion_price_da,congestion_price_da,"congestion_price_da
n=2",Pearson,2,0.97,2,0.2578301429748535,0.3636510968208313,0.5414500211208174,0.636348742170048,0.240944504737854,0.3581238389015198,0.5537689674260801,0.6418760610766959,78,0.9407544732093811,0.27406741112297534,/Users/haocun/Desktop/AllProjects/L1_GATE_DNN/NEW_PROJECT/outputs/data2025_Processed_V2/BaselineComparison/BudgetBaselineL1Selector_20260604_113307/CenterOn_congestion_price_da/Budget_97/Pearson
congestion_price_da,congestion_price_da,"congestion_price_da
n=2",Spearman,2,0.97,2,0.3458625078201294,0.41633111238479614,0.5016610400185635,0.5836688855835173,0.31756532192230225,0.40643739700317383,0.5233622493278703,0.5935625867582177,133,0.9407544732093811,0.3676437558040202,/Users/haocun/Desktop/AllProjects/L1_GATE_DNN/NEW_PROJECT/outputs/data2025_Processed_V2/BaselineComparison/BudgetBaselineL1Selector_20260604_113307/CenterOn_congestion_price_da/Budget_97/Spearman
congestion_price_da,congestion_price_da,"congestion_price_da
n=2",Lasso,2,0.97,2,0.9953500628471375,0.9966986179351807,0.003566068080420349,0.0033013703207592756,0.9867492914199829,0.9892977476119995,0.010162007647431477,0.010702270039074977,139,0.9407544732093811,1.0580338347491494,/Users/haocun/Desktop/AllProjects/L1_GATE_DNN/NEW_PROJECT/outputs/data2025_Processed_V2/BaselineComparison/BudgetBaselineL1Selector_20260604_113307/CenterOn_congestion_price_da/Budget_97/Lasso
congestion_price_da,congestion_price_da,"congestion_price_da
n=2",ElasticNet,2,0.97,2,0.9953500628471375,0.9966986179351807,0.003566068080420349,0.0033013703207592756,0.9867492914199829,0.9892977476119995,0.010162007647431477,0.010702270039074977,139,0.9407544732093811,1.0580338347491494,/Users/haocun/Desktop/AllProjects/L1_GATE_DNN/NEW_PROJECT/outputs/data2025_Processed_V2/BaselineComparison/BudgetBaselineL1Selector_20260604_113307/CenterOn_congestion_price_da/Budget_97/ElasticNet
congestion_price_da,congestion_price_da,"congestion_price_da
n=2",RandomForest,2,0.97,2,0.9953500628471375,0.9966986179351807,0.003566068080420349,0.0033013703207592756,0.9867492914199829,0.9892977476119995,0.010162007647431477,0.010702270039074977,139,0.9407544732093811,1.0580338347491494,/Users/haocun/Desktop/AllProjects/L1_GATE_DNN/NEW_PROJECT/outputs/data2025_Processed_V2/BaselineComparison/BudgetBaselineL1Selector_20260604_113307/CenterOn_congestion_price_da/Budget_97/RandomForest
congestion_price_da,congestion_price_da,"congestion_price_da
n=2",XGBoost,2,0.97,2,0.2316361665725708,0.25056976079940796,0.5892617760936317,0.7494302667554077,0.2097688913345337,0.24954652786254883,0.6060318748624017,0.7504535109510637,101,0.9407544732093811,0.24622382690602013,/Users/haocun/Desktop/AllProjects/L1_GATE_DNN/NEW_PROJECT/outputs/data2025_Processed_V2/BaselineComparison/BudgetBaselineL1Selector_20260604_113307/CenterOn_congestion_price_da/Budget_97/XGBoost
congestion_price_rt,congestion_price_rt,"congestion_price_rt
n=10",DNN_AllFeatures,10,0.97,69,0.7255069017410278,0.970901608467102,0.2626402937102972,0.029098365452313906,0.7006751298904419,0.970901608467102,0.28639976655292076,0.029098365452313906,111,0.7255069017410278,1.0,/Users/haocun/Desktop/AllProjects/L1_GATE_DNN/NEW_PROJECT/outputs/data2025_Processed_V2/BaselineComparison/BudgetBaselineL1Selector_20260604_113307/CenterOn_congestion_price_rt/DNN_AllFeatures
congestion_price_rt,congestion_price_rt,"congestion_price_rt
n=10",L1GateDNN,10,0.97,10,0.6961325407028198,0.8621521592140198,0.2907462735410507,0.1378478387400542,0.6730499267578125,0.8590450286865234,0.312832132140856,0.14095493581381852,67,0.7255069017410278,0.9595119481734534,/Users/haocun/Desktop/AllProjects/L1_GATE_DNN/NEW_PROJECT/outputs/data2025_Processed_V2/BaselineComparison/BudgetBaselineL1Selector_20260604_113307/CenterOn_congestion_price_rt/Sweep/n10/L1GateDNN
congestion_price_rt,congestion_price_rt,"congestion_price_rt
n=10",NMI,10,0.97,10,0.6261767148971558,0.8089233636856079,0.31926779455630766,0.1910766223545248,0.606652021408081,0.8041963577270508,0.3359430633234413,0.1958035724151143,70,0.7255069017410278,0.8630885707558323,/Users/haocun/Desktop/AllProjects/L1_GATE_DNN/NEW_PROJECT/outputs/data2025_Processed_V2/BaselineComparison/BudgetBaselineL1Selector_20260604_113307/CenterOn_congestion_price_rt/Budget_97/NMI
congestion_price_rt,congestion_price_rt,"congestion_price_rt
n=10",Pearson,10,0.97,10,0.5851618647575378,0.7903150320053101,0.35429699203907405,0.20968492428036267,0.5704516172409058,0.788932204246521,0.36686038246062547,0.2110677656746183,81,0.7255069017410278,0.8065558898933994,/Users/haocun/Desktop/AllProjects/L1_GATE_DNN/NEW_PROJECT/outputs/data2025_Processed_V2/BaselineComparison/BudgetBaselineL1Selector_20260604_113307/CenterOn_congestion_price_rt/Budget_97/Pearson
congestion_price_rt,congestion_price_rt,"congestion_price_rt
n=10",Spearman,10,0.97,10,0.5886321067810059,0.782550573348999,0.35133321909260506,0.2174493573462427,0.5727197527885437,0.782550573348999,0.364923282450418,0.2174493573462427,91,0.7255069017410278,0.8113390863249432,/Users/haocun/Desktop/AllProjects/L1_GATE_DNN/NEW_PROJECT/outputs/data2025_Processed_V2/BaselineComparison/BudgetBaselineL1Selector_20260604_113307/CenterOn_congestion_price_rt/Budget_97/Spearman
congestion_price_rt,congestion_price_rt,"congestion_price_rt
n=10",Lasso,10,0.97,10,0.5624282956123352,0.7898901700973511,0.37371289140021763,0.21010974471820923,0.5195945501327515,0.7860825061798096,0.4102954946101984,0.2139174177721515,82,0.7255069017410278,0.7752211512566642,/Users/haocun/Desktop/AllProjects/L1_GATE_DNN/NEW_PROJECT/outputs/data2025_Processed_V2/BaselineComparison/BudgetBaselineL1Selector_20260604_113307/CenterOn_congestion_price_rt/Budget_97/Lasso
congestion_price_rt,congestion_price_rt,"congestion_price_rt
n=10",ElasticNet,10,0.97,10,0.5912782549858093,0.7934008240699768,0.3490732062871666,0.20659911475123718,0.5554215908050537,0.7934008240699768,0.37969701544522017,0.20659911475123718,70,0.7255069017410278,0.8149863958108398,/Users/haocun/Desktop/AllProjects/L1_GATE_DNN/NEW_PROJECT/outputs/data2025_Processed_V2/BaselineComparison/BudgetBaselineL1Selector_20260604_113307/CenterOn_congestion_price_rt/Budget_97/ElasticNet
congestion_price_rt,congestion_price_rt,"congestion_price_rt
n=10",RandomForest,10,0.97,10,0.6659987568855286,0.8428590297698975,0.28525736093623183,0.157140929578969,0.6483234167098999,0.8428590297698975,0.30035320387570585,0.157140929578969,107,0.7255069017410278,0.917977148511344,/Users/haocun/Desktop/AllProjects/L1_GATE_DNN/NEW_PROJECT/outputs/data2025_Processed_V2/BaselineComparison/BudgetBaselineL1Selector_20260604_113307/CenterOn_congestion_price_rt/Budget_97/RandomForest
congestion_price_rt,congestion_price_rt,"congestion_price_rt
n=10",XGBoost,10,0.97,10,0.6367721557617188,0.8049219846725464,0.31021860632279963,0.19507793282862648,0.6226046085357666,0.8019860982894897,0.3223186022172508,0.1980138246945872,127,0.7255069017410278,0.8776927610662714,/Users/haocun/Desktop/AllProjects/L1_GATE_DNN/NEW_PROJECT/outputs/data2025_Processed_V2/BaselineComparison/BudgetBaselineL1Selector_20260604_113307/CenterOn_congestion_price_rt/Budget_97/XGBoost
marginal_loss_price_da,marginal_loss_price_da,"marginal_loss_price_da
n=10",DNN_AllFeatures,10,0.97,69,0.8936111927032471,0.985383152961731,0.11069808387560998,0.014616872970914166,0.8820545673370361,0.9844576120376587,0.12272280689737783,0.015542418548935339,142,0.8936111927032471,1.0,/Users/haocun/Desktop/AllProjects/L1_GATE_DNN/NEW_PROJECT/outputs/data2025_Processed_V2/BaselineComparison/BudgetBaselineL1Selector_20260604_113307/CenterOn_marginal_loss_price_da/DNN_AllFeatures
marginal_loss_price_da,marginal_loss_price_da,"marginal_loss_price_da
n=10",L1GateDNN,10,0.97,10,0.8671557307243347,0.9346218705177307,0.138225083784541,0.06537811353896453,0.8636500835418701,0.9346218705177307,0.14187271142855468,0.06537811353896453,77,0.8936111927032471,0.9703948851637787,/Users/haocun/Desktop/AllProjects/L1_GATE_DNN/NEW_PROJECT/outputs/data2025_Processed_V2/BaselineComparison/BudgetBaselineL1Selector_20260604_113307/CenterOn_marginal_loss_price_da/Sweep/n10/L1GateDNN
marginal_loss_price_da,marginal_loss_price_da,"marginal_loss_price_da
n=10",NMI,10,0.97,10,0.8103851079940796,0.8821461200714111,0.19038202635493112,0.11785387625432994,0.8042322397232056,0.8756307363510132,0.19655978357096174,0.12436925484075904,107,0.8936111927032471,0.9068654405979386,/Users/haocun/Desktop/AllProjects/L1_GATE_DNN/NEW_PROJECT/outputs/data2025_Processed_V2/BaselineComparison/BudgetBaselineL1Selector_20260604_113307/CenterOn_marginal_loss_price_da/Budget_97/NMI
marginal_loss_price_da,marginal_loss_price_da,"marginal_loss_price_da
n=10",Pearson,10,0.97,10,0.7253824472427368,0.867518961429596,0.2857408532872796,0.13248103691803464,0.6927807331085205,0.867518961429596,0.3196631027158441,0.13248103691803464,17,0.8936111927032471,0.8117427950386291,/Users/haocun/Desktop/AllProjects/L1_GATE_DNN/NEW_PROJECT/outputs/data2025_Processed_V2/BaselineComparison/BudgetBaselineL1Selector_20260604_113307/CenterOn_marginal_loss_price_da/Budget_97/Pearson
marginal_loss_price_da,marginal_loss_price_da,"marginal_loss_price_da
n=10",Spearman,10,0.97,10,0.8035855293273926,0.8757911324501038,0.19253368348610111,0.1242089012564592,0.7839698195457458,0.8757911324501038,0.21176178224112202,0.1242089012564592,122,0.8936111927032471,0.89925633865046,/Users/haocun/Desktop/AllProjects/L1_GATE_DNN/NEW_PROJECT/outputs/data2025_Processed_V2/BaselineComparison/BudgetBaselineL1Selector_20260604_113307/CenterOn_marginal_loss_price_da/Budget_97/Spearman
marginal_loss_price_da,marginal_loss_price_da,"marginal_loss_price_da
n=10",Lasso,10,0.97,10,0.8891496658325195,0.9244562387466431,0.11534026658117044,0.07554376279490536,0.8878971934318542,0.9207504987716675,0.11664347917909121,0.07924952428620294,126,0.8936111927032471,0.9950073064133954,/Users/haocun/Desktop/AllProjects/L1_GATE_DNN/NEW_PROJECT/outputs/data2025_Processed_V2/BaselineComparison/BudgetBaselineL1Selector_20260604_113307/CenterOn_marginal_loss_price_da/Budget_97/Lasso
marginal_loss_price_da,marginal_loss_price_da,"marginal_loss_price_da
n=10",ElasticNet,10,0.97,10,0.8548015356063843,0.9124630093574524,0.15107965565899886,0.08753701925709628,0.854122519493103,0.9108263254165649,0.1517862452466677,0.0891736651693338,139,0.8936111927032471,0.9565698623587509,/Users/haocun/Desktop/AllProjects/L1_GATE_DNN/NEW_PROJECT/outputs/data2025_Processed_V2/BaselineComparison/BudgetBaselineL1Selector_20260604_113307/CenterOn_marginal_loss_price_da/Budget_97/ElasticNet
marginal_loss_price_da,marginal_loss_price_da,"marginal_loss_price_da
n=10",RandomForest,10,0.97,10,0.8808139562606812,0.945275068283081,0.11901708998726404,0.05472494161247059,0.8756728172302246,0.9286907911300659,0.12415094202158167,0.07130919848179855,144,0.8936111927032471,0.9856791896217714,/Users/haocun/Desktop/AllProjects/L1_GATE_DNN/NEW_PROJECT/outputs/data2025_Processed_V2/BaselineComparison/BudgetBaselineL1Selector_20260604_113307/CenterOn_marginal_loss_price_da/Budget_97/RandomForest
marginal_loss_price_da,marginal_loss_price_da,"marginal_loss_price_da
n=10",XGBoost,10,0.97,10,0.8630627989768982,0.912718653678894,0.13674310904294443,0.08728136561497206,0.8618949055671692,0.912718653678894,0.13790933489767604,0.08728136561497206,145,0.8936111927032471,0.9658146697626543,/Users/haocun/Desktop/AllProjects/L1_GATE_DNN/NEW_PROJECT/outputs/data2025_Processed_V2/BaselineComparison/BudgetBaselineL1Selector_20260604_113307/CenterOn_marginal_loss_price_da/Budget_97/XGBoost
total_lmp_da,total_lmp_da,"total_lmp_da
n=10",DNN_AllFeatures,10,0.97,66,0.9622096419334412,0.9954304099082947,0.03609087636620488,0.004569570399134567,0.9600986242294312,0.9931087493896484,0.038106978128425686,0.006891276000613172,106,0.9622096419334412,1.0,/Users/haocun/Desktop/AllProjects/L1_GATE_DNN/NEW_PROJECT/outputs/data2025_Processed_V2/BaselineComparison/BudgetBaselineL1Selector_20260604_113307/CenterOn_total_lmp_da/DNN_AllFeatures
total_lmp_da,total_lmp_da,"total_lmp_da
n=10",L1GateDNN,10,0.97,10,0.9445972442626953,0.9795912504196167,0.05291118999806846,0.020408738474841114,0.9430271983146667,0.9795912504196167,0.05441068049247672,0.020408738474841114,148,0.9622096419334412,0.9816958832013407,/Users/haocun/Desktop/AllProjects/L1_GATE_DNN/NEW_PROJECT/outputs/data2025_Processed_V2/BaselineComparison/BudgetBaselineL1Selector_20260604_113307/CenterOn_total_lmp_da/Sweep/n10/L1GateDNN
total_lmp_da,total_lmp_da,"total_lmp_da
n=10",NMI,10,0.97,10,0.9001781344413757,0.9436480402946472,0.09270909366375431,0.05635193734929008,0.8900607824325562,0.9418327808380127,0.10210556132276649,0.0581672521790677,81,0.9622096419334412,0.9355322324899792,/Users/haocun/Desktop/AllProjects/L1_GATE_DNN/NEW_PROJECT/outputs/data2025_Processed_V2/BaselineComparison/BudgetBaselineL1Selector_20260604_113307/CenterOn_total_lmp_da/Budget_97/NMI
total_lmp_da,total_lmp_da,"total_lmp_da
n=10",Pearson,10,0.97,10,0.8859230279922485,0.920877993106842,0.1089467737062766,0.07912201303448799,0.8799278140068054,0.9200825691223145,0.11467238170060716,0.07991746942989364,84,0.9622096419334412,0.9207172630406154,/Users/haocun/Desktop/AllProjects/L1_GATE_DNN/NEW_PROJECT/outputs/data2025_Processed_V2/BaselineComparison/BudgetBaselineL1Selector_20260604_113307/CenterOn_total_lmp_da/Budget_97/Pearson
total_lmp_da,total_lmp_da,"total_lmp_da
n=10",Spearman,10,0.97,10,0.901699960231781,0.9329087734222412,0.09129570803836788,0.06709121908463384,0.8920058608055115,0.9329087734222412,0.10029905669648438,0.06709121908463384,130,0.9622096419334412,0.9371138273151437,/Users/haocun/Desktop/AllProjects/L1_GATE_DNN/NEW_PROJECT/outputs/data2025_Processed_V2/BaselineComparison/BudgetBaselineL1Selector_20260604_113307/CenterOn_total_lmp_da/Budget_97/Spearman
total_lmp_da,total_lmp_da,"total_lmp_da
n=10",Lasso,10,0.97,10,0.9091331958770752,0.9424880743026733,0.0843921038960043,0.05751190298728161,0.8890559077262878,0.9257223606109619,0.10303879411652957,0.07427761921769462,145,0.9622096419334412,0.9448390000024158,/Users/haocun/Desktop/AllProjects/L1_GATE_DNN/NEW_PROJECT/outputs/data2025_Processed_V2/BaselineComparison/BudgetBaselineL1Selector_20260604_113307/CenterOn_total_lmp_da/Budget_97/Lasso
total_lmp_da,total_lmp_da,"total_lmp_da
n=10",ElasticNet,10,0.97,10,0.9087197184562683,0.9563295245170593,0.08477614325211813,0.043670482413682404,0.8942841291427612,0.9463745355606079,0.09818312832575342,0.05362544238014276,116,0.9622096419334412,0.9444092834388029,/Users/haocun/Desktop/AllProjects/L1_GATE_DNN/NEW_PROJECT/outputs/data2025_Processed_V2/BaselineComparison/BudgetBaselineL1Selector_20260604_113307/CenterOn_total_lmp_da/Budget_97/ElasticNet
total_lmp_da,total_lmp_da,"total_lmp_da
n=10",RandomForest,10,0.97,10,0.9158086776733398,0.9512671828269958,0.0781922854992644,0.04873283144397705,0.9080312252044678,0.951043426990509,0.08541557550580202,0.04895659404933761,61,0.9622096419334412,0.9517766583934201,/Users/haocun/Desktop/AllProjects/L1_GATE_DNN/NEW_PROJECT/outputs/data2025_Processed_V2/BaselineComparison/BudgetBaselineL1Selector_20260604_113307/CenterOn_total_lmp_da/Budget_97/RandomForest
total_lmp_da,total_lmp_da,"total_lmp_da
n=10",XGBoost,10,0.97,10,0.9033815860748291,0.9334152936935425,0.08973392307839131,0.06658470101234404,0.8977750539779663,0.9327173829078674,0.0949409283627437,0.067282623051334,140,0.9622096419334412,0.9388614982693331,/Users/haocun/Desktop/AllProjects/L1_GATE_DNN/NEW_PROJECT/outputs/data2025_Processed_V2/BaselineComparison/BudgetBaselineL1Selector_20260604_113307/CenterOn_total_lmp_da/Budget_97/XGBoost
da_as_total_mw_primary_reserve,da_as_total_mw_primary_reserve,"da_as_total_mw_primary_reserve
n=6",DNN_AllFeatures,6,0.97,67,0.8494500517845154,0.986961305141449,0.15203061440346263,0.013038691158479606,0.8390399217605591,0.9829182028770447,0.16254314240749654,0.017081808671426287,74,0.8494500517845154,1.0,/Users/haocun/Desktop/AllProjects/L1_GATE_DNN/NEW_PROJECT/outputs/data2025_Processed_V2/BaselineComparison/BudgetBaselineL1Selector_20260604_113307/CenterOn_da_as_total_mw_primary_reserve/DNN_AllFeatures
da_as_total_mw_primary_reserve,da_as_total_mw_primary_reserve,"da_as_total_mw_primary_reserve
n=6",L1GateDNN,6,0.97,6,0.8718720078468323,0.901347815990448,0.12219035482569916,0.09865220954414354,0.8674206733703613,0.8978662490844727,0.1264354362913735,0.10213373120818327,147,0.8494500517845154,1.0263958498974872,/Users/haocun/Desktop/AllProjects/L1_GATE_DNN/NEW_PROJECT/outputs/data2025_Processed_V2/BaselineComparison/BudgetBaselineL1Selector_20260604_113307/CenterOn_da_as_total_mw_primary_reserve/Sweep/n06/L1GateDNN
da_as_total_mw_primary_reserve,da_as_total_mw_primary_reserve,"da_as_total_mw_primary_reserve
n=6",NMI,6,0.97,6,0.7463006973266602,0.7595328092575073,0.241599474374426,0.24046715104858898,0.7418792247772217,0.7547113299369812,0.2458100616591706,0.24528865461964924,147,0.8494500517845154,0.8785692528464032,/Users/haocun/Desktop/AllProjects/L1_GATE_DNN/NEW_PROJECT/outputs/data2025_Processed_V2/BaselineComparison/BudgetBaselineL1Selector_20260604_113307/CenterOn_da_as_total_mw_primary_reserve/Budget_97/NMI
da_as_total_mw_primary_reserve,da_as_total_mw_primary_reserve,"da_as_total_mw_primary_reserve
n=6",Pearson,6,0.97,6,0.7081348299980164,0.7202321290969849,0.2783397473054662,0.27976784428088347,0.7019749879837036,0.7186087369918823,0.2842141384658612,0.2813912362902612,143,0.8494500517845154,0.8336391627858217,/Users/haocun/Desktop/AllProjects/L1_GATE_DNN/NEW_PROJECT/outputs/data2025_Processed_V2/BaselineComparison/BudgetBaselineL1Selector_20260604_113307/CenterOn_da_as_total_mw_primary_reserve/Budget_97/Pearson
da_as_total_mw_primary_reserve,da_as_total_mw_primary_reserve,"da_as_total_mw_primary_reserve
n=6",Spearman,6,0.97,6,0.7081348299980164,0.7202321290969849,0.2783397473054662,0.27976784428088347,0.7019749879837036,0.7186087369918823,0.2842141384658612,0.2813912362902612,143,0.8494500517845154,0.8336391627858217,/Users/haocun/Desktop/AllProjects/L1_GATE_DNN/NEW_PROJECT/outputs/data2025_Processed_V2/BaselineComparison/BudgetBaselineL1Selector_20260604_113307/CenterOn_da_as_total_mw_primary_reserve/Budget_97/Spearman
da_as_total_mw_primary_reserve,da_as_total_mw_primary_reserve,"da_as_total_mw_primary_reserve
n=6",Lasso,6,0.97,6,0.2814188599586487,0.40877509117126465,0.685281201346552,0.5912248689008559,0.2720867991447449,0.40315407514572144,0.6941806799880991,0.5968459154519755,60,0.8494500517845154,0.33129535911787517,/Users/haocun/Desktop/AllProjects/L1_GATE_DNN/NEW_PROJECT/outputs/data2025_Processed_V2/BaselineComparison/BudgetBaselineL1Selector_20260604_113307/CenterOn_da_as_total_mw_primary_reserve/Budget_97/Lasso
da_as_total_mw_primary_reserve,da_as_total_mw_primary_reserve,"da_as_total_mw_primary_reserve
n=6",ElasticNet,6,0.97,6,0.35084205865859985,0.4543262720108032,0.6190750297482155,0.5456736761063529,0.34065866470336914,0.45189976692199707,0.628786515589106,0.5481002191447258,138,0.8494500517845154,0.41302258787500773,/Users/haocun/Desktop/AllProjects/L1_GATE_DNN/NEW_PROJECT/outputs/data2025_Processed_V2/BaselineComparison/BudgetBaselineL1Selector_20260604_113307/CenterOn_da_as_total_mw_primary_reserve/Budget_97/ElasticNet
da_as_total_mw_primary_reserve,da_as_total_mw_primary_reserve,"da_as_total_mw_primary_reserve
n=6",RandomForest,6,0.97,6,0.8163279294967651,0.8351327180862427,0.17491207355165592,0.16486725199980382,0.7918931841850281,0.819701075553894,0.1981814508092458,0.18029888293633586,148,0.8494500517845154,0.9610075692877201,/Users/haocun/Desktop/AllProjects/L1_GATE_DNN/NEW_PROJECT/outputs/data2025_Processed_V2/BaselineComparison/BudgetBaselineL1Selector_20260604_113307/CenterOn_da_as_total_mw_primary_reserve/Budget_97/RandomForest
da_as_total_mw_primary_reserve,da_as_total_mw_primary_reserve,"da_as_total_mw_primary_reserve
n=6",XGBoost,6,0.97,6,0.8176724910736084,0.8355384469032288,0.17363172274542182,0.1644615629256265,0.7921193838119507,0.8207198977470398,0.19796610614242346,0.17928006211572145,143,0.8494500517845154,0.9625904305448578,/Users/haocun/Desktop/AllProjects/L1_GATE_DNN/NEW_PROJECT/outputs/data2025_Processed_V2/BaselineComparison/BudgetBaselineL1Selector_20260604_113307/CenterOn_da_as_total_mw_primary_reserve/Budget_97/XGBoost
da_as_total_mw_thirty_minutes_reserve,da_as_total_mw_thirty_minutes_reserve,"da_as_total_mw_thirty_minutes_reserve
n=14",DNN_AllFeatures,14,0.97,68,0.8967359662055969,0.9868232011795044,0.09462258584297649,0.013176818385373582,0.8874101042747498,0.986362636089325,0.10316797939878775,0.0136373626229138,33,0.8967359662055969,1.0,/Users/haocun/Desktop/AllProjects/L1_GATE_DNN/NEW_PROJECT/outputs/data2025_Processed_V2/BaselineComparison/BudgetBaselineL1Selector_20260604_113307/CenterOn_da_as_total_mw_thirty_minutes_reserve/DNN_AllFeatures
da_as_total_mw_thirty_minutes_reserve,da_as_total_mw_thirty_minutes_reserve,"da_as_total_mw_thirty_minutes_reserve
n=14",L1GateDNN,14,0.97,14,0.8923580646514893,0.9631568789482117,0.09863408738406511,0.03684310874142304,0.8923580646514893,0.9631568789482117,0.09863408738406511,0.03684310874142304,150,0.8967359662055969,0.9951179592220081,/Users/haocun/Desktop/AllProjects/L1_GATE_DNN/NEW_PROJECT/outputs/data2025_Processed_V2/BaselineComparison/BudgetBaselineL1Selector_20260604_113307/CenterOn_da_as_total_mw_thirty_minutes_reserve/Sweep/n14/L1GateDNN
da_as_total_mw_thirty_minutes_reserve,da_as_total_mw_thirty_minutes_reserve,"da_as_total_mw_thirty_minutes_reserve
n=14",NMI,14,0.97,14,0.7947207093238831,0.8636560440063477,0.21505545975521342,0.1363439316104175,0.7853551506996155,0.8608754873275757,0.2248670728664556,0.13912454628778473,111,0.8967359662055969,0.8862371302966958,/Users/haocun/Desktop/AllProjects/L1_GATE_DNN/NEW_PROJECT/outputs/data2025_Processed_V2/BaselineComparison/BudgetBaselineL1Selector_20260604_113307/CenterOn_da_as_total_mw_thirty_minutes_reserve/Budget_97/NMI
da_as_total_mw_thirty_minutes_reserve,da_as_total_mw_thirty_minutes_reserve,"da_as_total_mw_thirty_minutes_reserve
n=14",Pearson,14,0.97,14,0.8322475552558899,0.9011508822441101,0.17574144081688609,0.09884913947478437,0.8241586685180664,0.8959618806838989,0.18421555216079705,0.1040381376726618,120,0.8967359662055969,0.9280853970622144,/Users/haocun/Desktop/AllProjects/L1_GATE_DNN/NEW_PROJECT/outputs/data2025_Processed_V2/BaselineComparison/BudgetBaselineL1Selector_20260604_113307/CenterOn_da_as_total_mw_thirty_minutes_reserve/Budget_97/Pearson
da_as_total_mw_thirty_minutes_reserve,da_as_total_mw_thirty_minutes_reserve,"da_as_total_mw_thirty_minutes_reserve
n=14",Spearman,14,0.97,14,0.8306808471679688,0.9103264808654785,0.17738281256789298,0.08967352660105622,0.8194437623023987,0.906129777431488,0.18915499833552804,0.09387023763985058,103,0.8967359662055969,0.9263382739992794,/Users/haocun/Desktop/AllProjects/L1_GATE_DNN/NEW_PROJECT/outputs/data2025_Processed_V2/BaselineComparison/BudgetBaselineL1Selector_20260604_113307/CenterOn_da_as_total_mw_thirty_minutes_reserve/Budget_97/Spearman
da_as_total_mw_thirty_minutes_reserve,da_as_total_mw_thirty_minutes_reserve,"da_as_total_mw_thirty_minutes_reserve
n=14",Lasso,14,0.97,14,0.7827049493789673,0.8568455576896667,0.22764350390104263,0.1431544667042042,0.7814464569091797,0.8568455576896667,0.22896190750153234,0.1431544667042042,142,0.8967359662055969,0.8728376901072289,/Users/haocun/Desktop/AllProjects/L1_GATE_DNN/NEW_PROJECT/outputs/data2025_Processed_V2/BaselineComparison/BudgetBaselineL1Selector_20260604_113307/CenterOn_da_as_total_mw_thirty_minutes_reserve/Budget_97/Lasso
da_as_total_mw_thirty_minutes_reserve,da_as_total_mw_thirty_minutes_reserve,"da_as_total_mw_thirty_minutes_reserve
n=14",ElasticNet,14,0.97,14,0.8670496344566345,0.9277040362358093,0.12182464668095656,0.07229598692293662,0.8616467714309692,0.9277040362358093,0.12677534257357076,0.07229598692293662,147,0.8967359662055969,0.9668951253571598,/Users/haocun/Desktop/AllProjects/L1_GATE_DNN/NEW_PROJECT/outputs/data2025_Processed_V2/BaselineComparison/BudgetBaselineL1Selector_20260604_113307/CenterOn_da_as_total_mw_thirty_minutes_reserve/Budget_97/ElasticNet
da_as_total_mw_thirty_minutes_reserve,da_as_total_mw_thirty_minutes_reserve,"da_as_total_mw_thirty_minutes_reserve
n=14",RandomForest,14,0.97,14,0.8684400320053101,0.9331581592559814,0.12055058828441471,0.06684182050355876,0.8588833808898926,0.9257746338844299,0.12930751027448512,0.07422538508443001,149,0.8967359662055969,0.968445634761348,/Users/haocun/Desktop/AllProjects/L1_GATE_DNN/NEW_PROJECT/outputs/data2025_Processed_V2/BaselineComparison/BudgetBaselineL1Selector_20260604_113307/CenterOn_da_as_total_mw_thirty_minutes_reserve/Budget_97/RandomForest
da_as_total_mw_thirty_minutes_reserve,da_as_total_mw_thirty_minutes_reserve,"da_as_total_mw_thirty_minutes_reserve
n=14",XGBoost,14,0.97,14,0.8625688552856445,0.9302961826324463,0.1259304317305001,0.06970380064495005,0.8505923748016357,0.926396906375885,0.13690468372504522,0.07360309810668207,149,0.8967359662055969,0.9618983600440101,/Users/haocun/Desktop/AllProjects/L1_GATE_DNN/NEW_PROJECT/outputs/data2025_Processed_V2/BaselineComparison/BudgetBaselineL1Selector_20260604_113307/CenterOn_da_as_total_mw_thirty_minutes_reserve/Budget_97/XGBoost
