wind_generation_mw,solar_generation_mw,gen_fuel_coal_mw,gen_fuel_gas_mw,gen_fuel_hydro_mw,gen_fuel_multiple_fuels_mw,gen_fuel_nuclear_mw,gen_fuel_oil_mw,gen_fuel_other_renewables_mw,gen_fuel_solar_mw,gen_fuel_storage_mw,gen_fuel_wind_mw,gen_fuel_coal_pct,gen_fuel_gas_pct,gen_fuel_hydro_pct,gen_fuel_multiple_fuels_pct,gen_fuel_nuclear_pct,gen_fuel_oil_pct,gen_fuel_other_renewables_pct,gen_fuel_solar_pct,gen_fuel_wind_pct,forecast_load_mw_latest_available,prelim_load_avg_hourly,rmccp,rmpcp,total_pjm_rt_load_mwh,total_pjm_loc_credit,total_pjm_reg_purchases,total_pjm_self_sched_reg,total_pjm_assigned_reg,total_pjm_rmccp_cr,total_pjm_rmpcp_cr,da_as_mcp_primary_reserve,da_as_mcp_synchronized_reserve,da_as_as_req_mw_primary_reserve,da_as_as_req_mw_synchronized_reserve,da_as_as_req_mw_thirty_minutes_reserve,da_as_as_mw_primary_reserve,da_as_as_mw_synchronized_reserve,da_as_as_mw_thirty_minutes_reserve,da_as_ss_mw_primary_reserve,da_as_nsr_mw_primary_reserve,system_energy_price_da,system_energy_price_rt,total_lmp_rt,marginal_loss_price_rt,gross_sched_interchange_mw,gross_inadv_interchange_mw
1.0,1.0,1.0,1.0,1.0,1.0,1.0,1.0,1.0,1.0,1.0,1.0,1.0,1.0,1.0,1.0,1.0,1.0,1.0,1.0,1.0,1.0,1.0,1.0,1.0,1.0,1.0,1.0,1.0,1.0,1.0,1.0,1.0,1.0,1.0,1.0,1.0,1.0,1.0,1.0,1.0,1.0,1.0,1.0,1.0,1.0,1.0,1.0
0.7067405,0.6834635,0.7454978,0.861805,0.6700535,0.6963994,0.7712687,0.7170212,0.74363595,0.7007935,0.7225098,0.73342884,0.75638074,0.79006946,0.6919898,0.8700894,0.7121543,0.6850927,0.7332622,0.660573,0.6973917,0.74059224,0.79059833,0.662041,0.69109505,0.711401,0.6843802,0.91694814,0.67014354,0.7888502,0.7322435,0.7112532,0.715277,0.71701574,0.73061043,0.68275183,0.7533752,0.68062156,0.67234784,0.7318085,0.69812316,0.68498874,0.83204114,0.67149353,0.6770189,0.8746288,1.1514814,0.83387333
0.52513534,0.4681714,0.66263735,0.79547876,0.46722886,0.49574697,0.6456635,0.52281046,0.56925493,0.49686238,0.5322414,0.5939798,0.589457,0.68295807,0.5003743,0.71761423,0.6166878,0.48006874,0.57860553,0.44347975,0.49872026,0.6448343,0.7647654,0.49537736,0.51809686,0.5734216,0.48478675,0.73668957,0.45556718,0.57790136,0.59052414,0.5547163,0.5432894,0.587509,0.53504086,0.4705711,0.58587986,0.46966776,0.4768161,0.5787147,0.4880498,0.46969676,0.75703454,0.5144135,0.5163002,0.83312815,1.0167118,0.72391653
0.37635094,0.35793376,0.64148134,0.7633613,0.35634202,0.3653988,0.58201253,0.38561532,0.44560137,0.40066743,0.38291198,0.48387125,0.5067384,0.5944162,0.4030259,0.61210036,0.585331,0.3241669,0.45289066,0.32272527,0.3524477,0.6318559,0.7898751,0.38389507,0.36660072,0.52310866,0.34786266,0.5723549,0.30722737,0.41792554,0.48126677,0.40413234,0.41760644,0.4755033,0.39793938,0.34665027,0.43362918,0.32446846,0.35489646,0.4634907,0.33940646,0.3082284,0.66276264,0.42917952,0.41883194,0.7565562,0.8963986,0.6025315
0.2777072,0.29053932,0.61983776,0.7426307,0.28734583,0.26908278,0.5667477,0.2829971,0.34736496,0.34406742,0.26983616,0.40317774,0.39491397,0.51196295,0.3391951,0.5267052,0.55941117,0.22223915,0.3487437,0.24734667,0.256396,0.60007495,0.8138781,0.29318362,0.25316414,0.50451225,0.24094594,0.43799654,0.19852822,0.29445612,0.40061057,0.280088,0.31868225,0.38537392,0.29230765,0.2439729,0.3102294,0.21894069,0.25809464,0.37364596,0.23866181,0.20135336,0.5637377,0.37837663,0.35323268,0.7122182,0.7969895,0.47652224
0.20358464,0.24732144,0.59290004,0.7315205,0.23491095,0.19580033,0.536283,0.20910461,0.26794255,0.31053802,0.19083357,0.34030196,0.3043295,0.44146422,0.2834085,0.4266619,0.54311717,0.14787605,0.26845708,0.19202964,0.18907876,0.5494245,0.81799567,0.23027697,0.16906184,0.48185578,0.17551912,0.33471298,0.12717037,0.20635071,0.30933875,0.1879956,0.24050078,0.30442297,0.20970465,0.1727708,0.22246808,0.14930543,0.183479,0.29495367,0.1647664,0.13153203,0.47384557,0.32876232,0.2862757,0.66422606,0.70416886,0.3799183
0.15796784,0.21144393,0.5595118,0.7191567,0.2026183,0.14257576,0.511144,0.1579808,0.20998847,0.28076762,0.13159992,0.30469266,0.23829976,0.38056296,0.24938117,0.34608504,0.52455765,0.09839399,0.21029882,0.1493151,0.13916382,0.50494796,0.81995374,0.17837372,0.11083625,0.46312284,0.11915037,0.25849563,0.077941574,0.13866764,0.24327768,0.12205585,0.17542659,0.232873,0.14916557,0.1209873,0.15882821,0.107166365,0.13465811,0.2344497,0.110309176,0.0919687,0.4032282,0.28976676,0.23931319,0.608659,0.6313073,0.30370668
0.120336905,0.19065313,0.5409298,0.6984656,0.17220391,0.10353815,0.4883586,0.12735581,0.16471355,0.26738778,0.088808164,0.27320695,0.18909466,0.3236316,0.2181779,0.2773977,0.50849414,0.06432336,0.16416968,0.120534725,0.10245129,0.4662659,0.81494075,0.14087854,0.07187762,0.4441985,0.08078477,0.2027331,0.04565181,0.09424913,0.17816648,0.07762081,0.12681605,0.17310692,0.10476075,0.08369742,0.11390826,0.078410015,0.10084417,0.18412289,0.071234845,0.067693345,0.3501531,0.25869283,0.20249286,0.5534651,0.5669875,0.24482404
0.092088796,0.16871588,0.51921207,0.6821481,0.15118542,0.07506939,0.46419588,0.103163704,0.12910469,0.25090447,0.05813627,0.24950843,0.14455757,0.27634162,0.1952893,0.22282764,0.49181572,0.041338366,0.12810762,0.094482236,0.07419395,0.43098778,0.8088539,0.10496093,0.04635804,0.42801973,0.05394869,0.15812162,0.025605323,0.06286366,0.13989326,0.046906807,0.09125193,0.12963036,0.07119614,0.057083808,0.07978223,0.058925774,0.0766991,0.14633359,0.044809446,0.053349324,0.29688114,0.22953625,0.1701602,0.5109177,0.5094543,0.2001343
0.072680384,0.15302034,0.50225717,0.6637339,0.13462326,0.053120557,0.4521273,0.09007229,0.1007867,0.24173132,0.036036152,0.23629051,0.11138647,0.23779282,0.17726749,0.17905685,0.47928923,0.026613714,0.09870395,0.07526692,0.05419895,0.3983512,0.7951604,0.076014526,0.027949372,0.4088518,0.034530517,0.12566538,0.013548289,0.04013101,0.1086685,0.027746415,0.06254543,0.095630124,0.048996344,0.03705693,0.05577793,0.049170278,0.061878476,0.11769937,0.027633954,0.051546637,0.25440034,0.2061723,0.14371501,0.47403386,0.45840037,0.16527307
0.054994337,0.13518935,0.4868165,0.6504749,0.1217692,0.037760444,0.43384433,0.0795902,0.076891854,0.2270833,0.02166904,0.22029066,0.082215615,0.2030412,0.16406071,0.14568838,0.46696725,0.016429672,0.075483836,0.056753818,0.038115274,0.37080148,0.7840269,0.053606957,0.016115855,0.39101258,0.021626586,0.10207066,0.0068103,0.025178315,0.08230317,0.015667183,0.042411584,0.068383165,0.033226546,0.023152944,0.03793707,0.039099127,0.047122296,0.09231304,0.016185103,0.04709733,0.2152501,0.17772675,0.11694224,0.4333926,0.41318387,0.13836826
0.041625205,0.12076344,0.46963552,0.6330728,0.110604495,0.025539313,0.42082366,0.07228358,0.057299886,0.21835245,0.012281438,0.20879339,0.05887184,0.17572987,0.15183534,0.116339944,0.4518879,0.009772123,0.056390665,0.042953245,0.02624477,0.34580484,0.77493626,0.036436126,0.008768428,0.3759899,0.012692696,0.08019186,0.0032133413,0.015339964,0.06126495,0.008272322,0.027955046,0.04864344,0.021090364,0.013156605,0.024714153,0.03151715,0.036862317,0.07333868,0.00914058,0.04783885,0.1779133,0.16021974,0.097415276,0.39449665,0.3750794,0.11518367
0.030291757,0.107394345,0.45671198,0.6223773,0.09927345,0.017156785,0.40919062,0.066853605,0.04205755,0.21034124,0.0066270134,0.19555348,0.04046532,0.14615615,0.14005403,0.09675623,0.442324,0.005461144,0.040902868,0.03164379,0.017219875,0.3206955,0.76143485,0.024212897,0.0045616007,0.358831,0.0070218006,0.06413763,0.0014227298,0.008998166,0.043885,0.0041056867,0.017773546,0.03332513,0.01335856,0.007105238,0.0158697,0.024789846,0.02704257,0.057830583,0.004720395,0.04824834,0.14851247,0.14464973,0.0814144,0.36158967,0.33716634,0.09538327
0.021972062,0.09692722,0.44411656,0.6065407,0.08984511,0.010984106,0.3975836,0.06383951,0.029470004,0.2062173,0.003404891,0.18856744,0.027187163,0.12701848,0.13077551,0.078658,0.43224433,0.0028773632,0.02889884,0.022850487,0.011036413,0.296303,0.75101095,0.015408935,0.0022442664,0.34456855,0.0036385506,0.052409936,0.00058114366,0.0050044153,0.030569095,0.0019250329,0.01092813,0.021819906,0.00821273,0.003580178,0.009667843,0.019296393,0.018846387,0.045518048,0.0022513168,0.050844155,0.12226622,0.12584522,0.06555537,0.33244404,0.30312032,0.08199707
0.015353219,0.08572141,0.42972174,0.5925585,0.08261864,0.006704242,0.3835108,0.059080005,0.019836659,0.19911693,0.0016377008,0.18082146,0.017496327,0.1055566,0.12468064,0.0640168,0.4213551,0.0013992207,0.019842774,0.015945092,0.0067685903,0.27403504,0.7424857,0.009470443,0.0010175441,0.33063784,0.0017212695,0.042468414,0.00021616246,0.0025869054,0.021117207,0.0008377055,0.006458267,0.013734058,0.0047525084,0.0016565653,0.005571104,0.014114341,0.012718848,0.035440456,0.0009974242,0.054565858,0.09943978,0.112673394,0.053367674,0.29985663,0.2781527,0.068186976
0.010358415,0.07683016,0.4159388,0.5791762,0.07543157,0.0039467034,0.37204605,0.056465868,0.012631791,0.1960133,0.000734528,0.17322302,0.010800533,0.08881825,0.11762241,0.053637426,0.41167393,0.0006344783,0.013149251,0.010777752,0.003974796,0.25014502,0.7320428,0.005634724,0.00042453362,0.31657854,0.00077285396,0.034411673,7.342826e-05,0.0012523598,0.013872689,0.00033692783,0.0036477335,0.008440359,0.002576051,0.00070178043,0.0029886316,0.009518592,0.007872905,0.02760329,0.00039943118,0.05472302,0.081182905,0.09912653,0.042256244,0.2701886,0.25051135,0.058113143
0.0067624426,0.06754981,0.40628776,0.5638004,0.06959024,0.0022116962,0.3626552,0.054531224,0.007854791,0.19046466,0.00030727772,0.16650854,0.0063700005,0.075578175,0.112820506,0.045541123,0.40371776,0.0002656815,0.008463664,0.0070110415,0.0022305166,0.22824442,0.72372276,0.0032073194,0.00016156788,0.30425817,0.00032091342,0.030402228,2.2663347e-05,0.00056287285,0.008866162,0.0001248834,0.0019538326,0.0048475955,0.001257106,0.00027196054,0.0014454453,0.0060021556,0.004690811,0.020582503,0.00014575807,0.05626851,0.0654142,0.08642373,0.033242084,0.24283135,0.22833312,0.04955953
0.0042305705,0.058976762,0.39432094,0.5553369,0.06455103,0.0011694466,0.353765,0.050853975,0.004501758,0.1852562,0.00011960867,0.15903924,0.0036168573,0.06213725,0.10799829,0.03961008,0.39475814,0.00010257496,0.0051467437,0.004393942,0.0011893221,0.20629472,0.71400076,0.0017371379,5.6311153e-05,0.29118434,0.00012393358,0.028065031,6.3140565e-06,0.00023427424,0.0054367254,4.254991e-05,0.0009952825,0.0026843701,0.00057183224,9.652305e-05,0.00064665644,0.0036070703,0.0026376173,0.014932695,4.8448033e-05,0.0616735,0.052339748,0.074518986,0.025443325,0.2197211,0.2087377,0.042346556
0.0025490045,0.05137366,0.38378853,0.54122674,0.05956824,0.0005814256,0.34573594,0.047957797,0.0023782281,0.18204507,4.2886815e-05,0.15245625,0.0019617325,0.052815046,0.10454435,0.034547403,0.38675076,3.652016e-05,0.0029914754,0.002653332,0.00060391694,0.18605858,0.7053781,0.0008968156,1.7929622e-05,0.2787691,4.3983768e-05,0.024772117,1.5797664e-06,9.097808e-05,0.0032228185,1.3254577e-05,0.0004771996,0.0014043397,0.00023592844,3.1265114e-05,0.00026279403,0.0020008176,0.00140169,0.010260965,1.46954235e-05,0.062361967,0.042000994,0.064771034,0.01942421,0.19344786,0.19413355,0.03657467
0.0014704518,0.044160318,0.37337607,0.53021854,0.054305043,0.00027334347,0.336208,0.047858026,0.0011744032,0.17774557,1.4153352e-05,0.14592126,0.0010107049,0.043508887,0.099218525,0.032884445,0.3784106,1.1931297e-05,0.0016578211,0.0015376542,0.0002903246,0.16636252,0.6976955,0.00043814105,5.1886846e-06,0.2673359,1.4338608e-05,0.02243015,3.5234822e-07,3.253822e-05,0.0018252443,3.7497541e-06,0.00021620725,0.00070247386,8.808117e-05,9.197287e-06,9.662611e-05,0.0010216981,0.0007080954,0.006845974,4.0308914e-06,0.06414157,0.03409555,0.056883924,0.014589341,0.17278038,0.17728262,0.032044735
0.0008105848,0.037627626,0.3650963,0.5200631,0.05101265,0.000119867655,0.32687247,0.046043336,0.0005401312,0.17408651,4.2618344e-06,0.13965125,0.0004950441,0.03560023,0.09735269,0.029455274,0.37382984,3.5484773e-06,0.00086937426,0.00085221115,0.00013162407,0.14660051,0.68773973,0.00020302754,1.3542565e-06,0.25502717,4.269174e-06,0.019668948,6.95034e-08,1.071034e-05,0.0009908236,9.57435e-07,9.1704234e-05,0.00032579753,3.0106536e-05,2.447925e-06,3.2516047e-05,0.0004858891,0.0003388446,0.0040858355,9.950763e-07,0.06534246,0.027167711,0.047698237,0.010489565,0.15167627,0.16554712,0.02693883
0.0004266736,0.03170511,0.35749334,0.50789714,0.04746253,4.9090417e-05,0.31940654,0.043304354,0.00023209308,0.17007978,1.1649884e-06,0.13750474,0.00022904215,0.029083015,0.09458712,0.027876424,0.36560884,9.565027e-07,0.00043201298,0.00045064857,5.606963e-05,0.1297223,0.68309,8.844703e-05,3.1712122e-07,0.2448344,1.152971e-06,0.019414747,1.2016056e-08,3.2162045e-06,0.0005140006,2.1896649e-07,3.636994e-05,0.00014291448,9.352329e-06,5.853228e-07,9.934303e-06,0.0002153691,0.00015260254,0.00226123,2.1941929e-07,0.062930755,0.021058483,0.04060005,0.0074540703,0.13309497,0.15438724,0.023147542
0.00021277853,0.026536277,0.34677735,0.49927253,0.044068754,1.8723802e-05,0.31387523,0.04339128,9.2210634e-05,0.16799617,2.872606e-07,0.13125949,9.972497e-05,0.022956843,0.09292603,0.025017109,0.35796162,2.3216992e-07,0.00020239156,0.00022683063,2.2322743e-05,0.11349539,0.67481977,3.6091933e-05,6.607735e-08,0.23408003,2.8055015e-07,0.0179678,1.8027277e-09,8.7778847e-07,0.00025314806,4.4492467e-08,1.3402458e-05,5.8753398e-05,2.6412283e-06,1.2480294e-07,2.753784e-06,8.9290894e-05,6.449429e-05,0.0011677606,4.2851727e-08,0.06396881,0.016945265,0.033961605,0.005115093,0.116620935,0.14735138,0.019591583
0.00010055502,0.021698643,0.3408194,0.48914763,0.04038,6.613966e-06,0.3073304,0.04188994,3.3891632e-05,0.1642519,6.336547e-08,0.12714685,4.0672738e-05,0.017859658,0.08986464,0.02340272,0.35259876,5.0335842e-08,8.920315e-05,0.0001081879,8.271056e-06,0.09915371,0.667471,1.3724138e-05,1.2147667e-08,0.22390933,6.1031436e-08,0.016785627,2.3215391e-10,2.160837e-07,0.00011806959,7.960506e-09,4.565217e-06,2.2542634e-05,6.735323e-07,2.3525411e-08,6.8818287e-07,3.4441735e-05,2.5480504e-05,0.0005548915,7.344703e-09,0.060075697,0.013899289,0.029094407,0.0034776013,0.1001173,0.13829891,0.016730266
4.4815995e-05,0.017482856,0.33383453,0.4795326,0.037225112,2.1526632e-06,0.2994942,0.04059252,1.1475082e-05,0.16088466,1.2400657e-08,0.12279677,1.5468173e-05,0.0136307245,0.0880697,0.022500677,0.34651563,9.667932e-09,3.6804824e-05,4.8736492e-05,2.8361726e-06,0.0860621,0.6603809,4.8406077e-06,1.9516824e-09,0.21354628,1.1763446e-08,0.016880473,2.5358396e-11,4.761116e-08,5.181116e-05,1.2419741e-09,1.4288615e-06,8.002817e-06,1.5408976e-07,3.8839456e-09,1.5400043e-07,1.23157515e-05,9.368436e-06,0.00024123034,1.0937953e-09,0.060445752,0.011284966,0.024292259,0.002270798,0.08753373,0.1309925,0.013512638
1.8758781e-05,0.013845626,0.3243844,0.470039,0.034655623,6.418475e-07,0.29228443,0.03997134,3.5687601e-06,0.15723678,2.1335071e-09,0.11826704,5.4570655e-06,0.010001213,0.08826351,0.022932291,0.34036672,1.6299242e-09,1.4182068e-05,2.06454e-05,8.9483035e-07,0.074102186,0.65390205,1.5734491e-06,2.7119243e-10,0.20362766,1.9907265e-09,0.016367305,2.3189727e-12,9.312487e-09,2.1361957e-05,1.6717921e-10,4.0856926e-07,2.6181165e-06,3.1372117e-08,5.5584876e-10,3.061613e-08,4.0622735e-06,3.188007e-06,9.607714e-05,1.3999238e-10,0.058485866,0.008772355,0.020325482,0.0014402783,0.075488806,0.12460762,0.011074231
7.3425917e-06,0.010763484,0.3169449,0.46164078,0.031247677,1.7416416e-07,0.286989,0.03837532,1.0125545e-06,0.15369305,3.1948794e-10,0.114262275,1.776439e-06,0.0070624286,0.08588218,0.021447849,0.33390638,2.387697e-10,5.0739263e-06,8.186943e-06,2.581621e-07,0.06280414,0.6475481,4.690066e-07,3.2221763e-11,0.19398305,2.9284594e-10,0.015544953,1.7501732e-13,1.6022315e-09,8.216783e-06,1.9191183e-11,1.05979304e-07,7.850004e-07,5.6361538e-09,6.819059e-11,5.360134e-09,1.2296093e-06,9.98012e-07,3.5333887e-05,1.5215433e-11,0.059582602,0.0068740593,0.016648777,0.0008806014,0.06335336,0.11803798,0.008596451
2.6741802e-06,0.008253628,0.30880433,0.45210287,0.028554987,4.2711143e-08,0.2803816,0.038665738,2.605166e-07,0.15269291,4.1191085e-11,0.111198306,5.303119e-07,0.004911154,0.08468014,0.021570774,0.32871976,3.0059837e-11,1.6768735e-06,3.0243245e-06,6.764529e-08,0.05305278,0.64182645,1.2730483e-07,3.2330707e-12,0.18433796,3.7033963e-11,0.01549826,1.0731433e-14,2.4007718e-10,2.9364405e-06,1.8550573e-12,2.4756405e-08,2.1443502e-07,8.849212e-10,7.08365e-12,8.183917e-10,3.3926827e-07,2.8562664e-07,1.1956474e-05,1.3861106e-12,0.05653041,0.005553248,0.013683181,0.0005166615,0.052847285,0.116717614,0.0064441385
9.013294e-07,0.0061511104,0.30275333,0.444405,0.025874324,9.392914e-09,0.27475303,0.03665959,6.0329974e-08,0.15016018,4.5183037e-12,0.10832356,1.4422677e-07,0.0032486327,0.08343582,0.020228956,0.32338756,3.213304e-12,5.089474e-07,1.0351042e-06,1.5980222e-08,0.044528343,0.6355585,3.1240546e-08,2.7024322e-13,0.17505412,3.978172e-12,0.015533283,5.2544477e-16,3.098987e-11,9.696447e-07,1.4890671e-13,5.1660716e-09,5.2977555e-08,1.2015151e-10,6.1480714e-13,1.0780689e-10,8.4744016e-08,7.4224374e-08,3.6971173e-06,1.04333656e-13,0.057609603,0.0041838367,0.010879066,0.00028965838,0.044744495,0.11118731,0.0045355246
2.7950338e-07,0.004456059,0.29707465,0.43708864,0.023413526,1.8369275e-09,0.26956394,0.037025835,1.2474885e-08,0.14461894,4.1622234e-13,0.10599351,3.5480113e-08,0.002082427,0.08247294,0.020876314,0.31868452,2.878411e-13,1.4093928e-07,3.2636464e-07,3.3764593e-09,0.037351098,0.6298607,6.877659e-09,1.8538937e-14,0.16589023,3.5824265e-13,0.016159225,2.0157209e-17,3.4054177e-12,2.9412087e-07,9.775922e-15,9.546465e-10,1.1743676e-08,1.3946229e-11,4.3934186e-14,1.2109961e-11,1.9017369e-08,1.7383904e-08,1.0430226e-06,6.3876872e-15,0.05457059,0.0031186382,0.008641117,0.00015568695,0.037765313,0.10649155,0.0029787174
7.924143e-08,0.00316043,0.29102358,0.42970136,0.02110559,3.1654596e-10,0.26532152,0.0370522,2.2832325e-09,0.14142112,3.174512e-14,0.102918185,7.834248e-09,0.0012778691,0.0830867,0.019783488,0.31428874,2.1297412e-14,3.5363115e-08,9.420203e-08,6.325664e-10,0.030854357,0.6227621,1.3470015e-09,1.0268018e-15,0.15677384,2.665865e-14,0.015243832,5.9326727e-19,3.144627e-13,8.142147e-08,5.162115e-16,1.5473525e-10,2.3170406e-09,1.3665228e-12,2.5436912e-15,1.1452053e-12,3.802465e-09,3.6401246e-09,2.6660356e-07,3.1265296e-16,0.0533796,0.002221902,0.0067252177,7.969131e-05,0.03109129,0.10055546,0.0018082671
2.0398337e-08,0.0021842094,0.28364334,0.42297974,0.018714823,4.7589044e-11,0.2591323,0.035502564,3.6636266e-10,0.13983169,1.973597e-15,0.100075595,1.5397035e-09,0.00075021,0.08162123,0.018897537,0.3090113,1.2811667e-15,7.978761e-09,2.4723752e-08,1.0409344e-10,0.025309501,0.6176361,2.3255413e-10,4.5095743e-17,0.14815344,1.6136741e-15,0.014908281,1.3088702e-20,2.405732e-14,2.042864e-08,2.1524586e-17,2.177209e-11,4.03207e-10,1.1148742e-13,1.1723313e-16,8.9903074e-14,6.7133343e-10,6.755545e-10,6.132433e-08,1.2004244e-17,0.051529493,0.0014557942,0.00525392,3.8808346e-05,0.025524916,0.10032635,0.0009790837
4.7323554e-09,0.00146578,0.2777575,0.41543803,0.01627776,6.174373e-12,0.25269684,0.035021573,5.100285e-11,0.13822381,9.83192e-17,0.09765068,2.668958e-10,0.0004219188,0.08082634,0.018677676,0.30615622,6.1580996e-17,1.6054548e-09,5.8570326e-09,1.4892186e-11,0.02054491,0.61175305,3.504229e-11,1.5396133e-18,0.13951321,7.808893e-17,0.014802242,2.1094211e-22,1.501232e-15,4.609775e-09,6.9450456e-19,2.629485e-12,6.127965e-11,7.4599e-15,4.217995e-18,5.7695734e-15,1.03636044e-10,1.1006739e-10,1.25952075e-08,3.5404483e-19,0.051406357,0.0009069445,0.003862171,1.7811644e-05,0.020513786,0.097187154,0.0004739156
9.814927e-10,0.0009515658,0.27216786,0.40919587,0.014101147,6.832144e-13,0.24874876,0.03444155,6.0907416e-12,0.13376422,3.8515692e-18,0.09648499,4.0402057e-11,0.00022635111,0.08039377,0.018594123,0.30076125,2.3203196e-18,2.8552163e-10,1.2424916e-09,1.8317203e-12,0.016465083,0.60757965,4.5590016e-12,3.9975022e-20,0.13129444,2.9640123e-18,0.013848949,2.413006e-24,7.51197e-17,9.278726e-10,1.6955668e-20,2.6924657e-13,8.046659e-12,4.0267017e-16,1.1595797e-19,2.9762236e-16,1.3840405e-11,1.5582247e-11,2.2898365e-09,7.837194e-21,0.04851564,0.0005310677,0.0027857951,7.718664e-06,0.015931973,0.09349614,0.00020728975
1.803901e-10,0.0005994648,0.26562962,0.4033299,0.012161193,6.364877e-14,0.24519084,0.033414435,6.162532e-13,0.13218352,1.1620811e-19,0.09465979,5.283609e-12,0.00011536038,0.081061564,0.01691584,0.295917,6.710417e-20,4.4445277e-11,2.3399663e-10,1.9135146e-13,0.012955927,0.6026362,5.0608877e-13,7.703957e-22,0.12347572,8.6407946e-20,0.013473481,1.8971385e-26,2.9580516e-18,1.6511104e-10,3.0553545e-22,2.3061988e-14,9.0224367e-13,1.7217751e-17,2.3784845e-21,1.2113933e-17,1.5805279e-12,1.8953645e-12,3.6499484e-10,1.2690071e-22,0.04902428,0.00029462867,0.0020754964,3.1465777e-06,0.012450104,0.0903692,8.157929e-05
2.9101263e-11,0.00036476064,0.26120278,0.39669812,0.010164171,4.922245e-15,0.24088861,0.033403065,5.2117585e-14,0.13189772,2.639113e-21,0.09156702,5.899486e-13,5.592823e-05,0.08023198,0.01715329,0.29255643,1.4551683e-21,5.991674e-12,3.875709e-11,1.6753178e-14,0.010103628,0.5965752,4.7322457e-14,1.072638e-23,0.115214884,1.8901935e-21,0.0135550145,9.8866566e-29,8.9785415e-20,2.5721774e-11,3.952807e-24,1.6282367e-15,8.5285654e-14,5.7161934e-19,3.545075e-23,3.8117318e-19,1.5239044e-13,1.9566862e-13,5.048087e-11,1.4605334e-24,0.047955178,0.00015198243,0.0014350294,1.1957299e-06,0.009497722,0.08756946,2.9237428e-05
4.0782755e-12,0.00021352603,0.25656843,0.38960877,0.008294525,3.111441e-16,0.23761812,0.032709375,3.63006e-15,0.1284923,4.3978005e-23,0.08907758,5.5523304e-14,2.5599851e-05,0.07881264,0.017097991,0.28756192,2.3056307e-23,6.914921e-13,5.588382e-12,1.2115227e-15,0.007705226,0.59226054,3.6751426e-15,1.0469109e-25,0.10763695,3.0235634e-23,0.013773572,3.277904e-31,2.053071e-21,3.4710475e-12,3.5598205e-26,9.3240943e-17,6.701737e-15,1.4412134e-20,3.7279693e-25,9.0649164e-21,1.2234644e-14,1.6916171e-14,5.989419e-12,1.157075e-26,0.04738387,7.177893e-05,0.00095572905,4.222242e-07,0.006894581,0.08569612,9.59758e-06
4.909065e-13,0.000120130884,0.25233346,0.38422167,0.006743775,1.5805926e-17,0.2330029,0.03267846,2.0488079e-16,0.12555833,5.2268967e-25,0.087567925,4.343279e-15,1.1037098e-05,0.079398856,0.016847447,0.28447104,2.593236e-25,6.746258e-14,6.937249e-13,7.1221316e-17,0.0058018696,0.5868655,2.334258e-16,6.9245814e-28,0.100248426,3.4363415e-25,0.013599258,6.598169e-34,3.4479857e-23,4.010866e-13,2.155563e-28,4.2547164e-18,4.311191e-16,2.692678e-22,2.6760562e-27,1.5890083e-22,8.0558307e-16,1.2069098e-15,6.0209975e-13,6.086022e-29,0.046555746,3.1564614e-05,0.00061136845,1.3779196e-07,0.0049504223,0.08332912,2.8706188e-06
5.0133376e-14,6.47627e-05,0.24573539,0.3784689,0.005289844,6.333461e-19,0.2286866,0.03226799,9.204569e-18,0.12390812,4.2923782e-27,0.08538085,2.7807853e-16,4.465647e-06,0.0787953,0.017326841,0.28046677,2.0046404e-27,5.4877117e-15,7.324745e-14,3.3444591e-18,0.0042705457,0.5817603,1.1921793e-17,2.9877096e-30,0.09257809,2.6868926e-27,0.013264136,7.6410855e-37,4.134283e-25,3.9188674e-14,8.438973e-31,1.5171903e-19,2.2325424e-17,3.6276767e-24,1.2633858e-29,1.9966405e-24,4.2784395e-17,6.993104e-17,5.059258e-14,2.040231e-31,0.044797998,1.2837375e-05,0.00038269567,4.1320973e-08,0.0034666234,0.08133546,7.791843e-07
4.2856504e-15,3.333469e-05,0.24114996,0.37126708,0.0040582763,1.9610987e-20,0.2248015,0.030163426,3.2277624e-19,0.12032877,2.350187e-29,0.08419202,1.4328605e-17,1.6871818e-06,0.078682594,0.016699065,0.27519697,1.027032e-29,3.666253e-16,6.4917274e-15,1.2305888e-19,0.0030481077,0.57798994,4.805916e-19,8.0526e-33,0.08532534,1.3939527e-29,0.013522784,4.78192e-40,3.4289942e-27,3.1933578e-15,2.0429882e-33,4.1377986e-21,9.136186e-19,3.4184982e-26,3.7607835e-32,1.7432188e-26,1.7995817e-18,3.2332304e-18,3.5010112e-15,4.1606962e-34,0.045085188,4.843814e-06,0.00023157752,1.1311337e-08,0.0023721163,0.07948295,1.9098712e-07
3.021869e-16,1.6332027e-05,0.23789261,0.3665889,0.0030271031,4.587021e-22,0.21953975,0.030956266,8.6454995e-21,0.11872342,8.240107e-32,0.081988364,5.8328527e-19,5.923643e-07,0.07739222,0.01665277,0.27337933,3.3466527e-32,1.9786875e-17,4.760041e-16,3.4732967e-21,0.0021463614,0.57222354,1.4981322e-20,1.2902244e-35,0.07832993,4.605575e-32,0.013884597,1.5e-43,1.8985577e-29,2.1377489e-16,2.9060927e-36,8.427831e-23,2.894963e-20,2.177539e-28,6.7266545e-35,1.0211365e-28,5.875141e-20,1.1699171e-19,1.9630089e-16,4.8924365e-37,0.045893993,1.6909519e-06,0.00013463998,2.806439e-09,0.0015788251,0.0776338,4.200754e-08
1.7294216e-17,7.587371e-06,0.23264937,0.36171865,0.0021931722,7.90314e-24,0.21725915,0.030493503,1.726865e-22,0.11776833,1.7669704e-34,0.08075642,1.8379469e-20,1.9217997e-07,0.07659686,0.01525469,0.26917014,6.618118e-35,8.4716493e-19,2.842274e-17,7.345178e-23,0.0014639939,0.5668935,3.5304267e-22,1.1605467e-38,0.071631625,9.248148e-35,0.013018904,0.0,6.7407895e-32,1.15642e-17,2.28945e-39,1.2485133e-24,6.9447846e-22,9.02153e-31,6.83877e-38,3.8576925e-31,1.4559927e-21,3.2429246e-21,8.760216e-18,3.11674e-40,0.044667922,5.426454e-07,7.3946736e-05,6.2626454e-10,0.0009980071,0.075375974,8.228331e-09
7.892276e-19,3.3286137e-06,0.22918716,0.3570285,0.0015469071,9.752963e-26,0.21270251,0.029942071,2.5046361e-24,0.114071496,2.1981707e-37,0.078761764,4.3829385e-22,5.726863e-08,0.07532835,0.016223002,0.26594955,7.524903e-38,2.8203883e-20,1.3582416e-18,1.1338611e-24,0.0009685711,0.56273425,6.1334172e-24,5.48e-42,0.06512425,1.0695599e-37,0.012923252,0.0,1.4660387e-34,4.964166e-19,9.32e-43,1.3061554e-26,1.2302048e-23,2.3268332e-33,3.704e-41,8.985755e-34,2.6723165e-23,6.725206e-23,3.0509208e-19,1e-43,0.041706428,1.5961388e-07,3.9104045e-05,1.246684e-10,0.0006251859,0.07263751,1.4224869e-09
2.816559e-20,1.3731008e-06,0.22419277,0.35049877,0.0010601232,8.354895e-28,0.2105385,0.029106222,2.5606676e-26,0.11428154,1.4921e-40,0.07732905,7.714732e-24,1.5574068e-08,0.074858494,0.015199747,0.26160574,4.6198e-41,7.1418256e-22,5.096173e-20,1.2410429e-26,0.0006202009,0.55861926,7.639119e-26,1e-45,0.058821395,6.6923e-41,0.012681764,0.0,1.8530688e-37,1.6575732e-20,0.0,9.336324e-29,1.5651157e-25,3.5534576e-36,1e-44,1.2256385e-36,3.5342536e-25,1.0163644e-24,8.114199e-21,0.0,0.04135623,4.272194e-08,1.9529125e-05,2.1938888e-11,0.00036652072,0.07205433,2.1492702e-10
7.6933643e-22,5.3009285e-07,0.22083956,0.34671697,0.0007040154,4.7966448e-30,0.20642783,0.028958738,1.784992e-28,0.1110821,5.2e-44,0.07614322,9.7481564e-26,3.837574e-09,0.07473211,0.0149579905,0.25893712,1.4e-44,1.3422956e-23,1.4699876e-21,9.3227925e-29,0.00038500404,0.55412424,6.6113655e-28,0.0,0.052940954,2.1e-44,0.013086468,0.0,1.28069e-40,4.211315e-22,0.0,4.393229e-31,1.3864485e-27,3.03225e-39,0.0,9.22124e-40,3.266576e-27,1.08705464e-26,1.6088898e-22,0.0,0.0419842,1.0343194e-08,9.218011e-06,3.3797086e-12,0.00020347984,0.0719414,2.8079553e-11
1.5705992e-23,1.9055382e-07,0.21612507,0.3408353,0.00045188112,1.7736508e-32,0.20309988,0.02760341,8.171831e-31,0.11049071,0.0,0.07412369,8.571942e-28,8.502643e-10,0.07441322,0.015389659,0.2552557,0.0,1.8222974e-25,3.1846608e-23,4.6337343e-31,0.00022966824,0.54974174,3.8390427e-30,0.0,0.047238268,0.0,0.012844874,0.0,4.5e-44,7.944612e-24,0.0,1.3046994e-33,8.259107e-30,1.351e-42,0.0,3.57e-43,2.038738e-29,7.9629295e-29,2.3157128e-24,0.0,0.04211286,2.247718e-09,4.1104267e-06,4.509437e-13,0.00010780017,0.06876396,3.135078e-12
2.33398e-25,6.343318e-08,0.21286279,0.33617115,0.00028021168,4.0373737e-35,0.2000979,0.027311714,2.3547753e-33,0.10869287,0.0,0.074184716,5.0657694e-30,1.6798142e-10,0.07480872,0.0148899695,0.25309137,0.0,1.7335944e-27,5.049643e-25,1.461945e-33,0.00013201196,0.5439027,1.4376125e-32,0.0,0.041749462,0.0,0.011782184,0.0,0.0,1.0830533e-25,0.0,2.330505e-36,3.181056e-32,0.0,0.0,0.0,8.265632e-32,3.850227e-31,2.348539e-26,0.0,0.038923267,4.3484774e-10,1.7227975e-06,5.1510598e-14,5.397608e-05,0.0687232,2.9532445e-13
2.4514683e-27,1.9439252e-08,0.20888993,0.33103198,0.00016725417,5.371553e-38,0.19632567,0.027991949,4.0685948e-36,0.10493825,0.0,0.072099775,1.9342679e-32,2.9325202e-11,0.07359549,0.014731265,0.2492257,0.0,1.11701055e-29,5.6937338e-27,2.7925411e-36,7.274572e-05,0.54064316,3.3188522e-35,0.0,0.036999375,0.0,0.011795721,0.0,0.0,1.0351242e-27,0.0,2.36867e-39,7.575554e-35,0.0,0.0,0.0,2.083151e-34,1.17851785e-33,1.6232604e-28,0.0,0.04087095,7.4206134e-11,6.7628616e-07,4.973925e-15,2.5636853e-05,0.06604273,2.3145048e-14
1.7609071e-29,5.4491087e-09,0.20572324,0.3261729,9.6011165e-05,3.9332e-41,0.1940003,0.02735066,3.985549e-39,0.10425138,0.0,0.0714507,4.5629057e-35,4.4793336e-12,0.07218961,0.014168964,0.2464371,0.0,4.691228e-32,4.4205683e-29,3.058332e-39,3.8337257e-05,0.5359312,4.4856293e-38,0.0,0.032218378,0.0,0.012624976,0.0,0.0,6.704216e-30,0.0,1.284e-42,1.0597912e-37,0.0,0.0,0.0,3.1031515e-37,2.1772083e-36,7.3644984e-31,0.0,0.039598987,1.1059186e-11,2.472769e-07,4.0042313e-16,1.1389594e-05,0.065699235,1.4861509e-15
8.33503e-32,1.3875423e-09,0.20159653,0.32087684,5.2876156e-05,1.5e-44,0.19052635,0.025672223,2.074e-42,0.102524005,0.0,0.07047305,6.317154e-38,5.922744e-13,0.07034632,0.014102772,0.24289684,0.0,1.2294707e-34,2.2791065e-31,1.802e-42,1.9232431e-05,0.5322165,3.3431e-41,0.0,0.027986648,0.0,0.011632347,0.0,0.0,2.8319263e-32,0.0,0.0,8.2078e-41,0.0,0.0,0.0,2.5775e-40,2.297771e-39,2.1016891e-33,0.0,0.039331138,1.4238756e-12,8.379664e-08,2.6471652e-17,4.7319463e-06,0.0665076,7.6879476e-17
2.4927317e-34,3.1855119e-10,0.19904189,0.3171748,2.7855827e-05,0.0,0.18930675,0.02585294,0.0,0.10115429,0.0,0.06873959,4.8364e-41,6.700325e-14,0.07123426,0.01348437,0.24001655,0.0,1.9129542e-37,7.489394e-34,0.0,9.165161e-06,0.5265061,1.3e-44,0.0,0.023867082,0.0,0.011618928,0.0,0.0,7.469825e-35,0.0,0.0,3.2e-44,0.0,0.0,0.0,1.12e-43,1.299e-42,3.5936022e-36,0.0,0.037770264,1.5650972e-13,2.6177192e-08,1.4134373e-18,1.8390723e-06,0.06376794,3.1453921e-18
4.4893894e-37,6.540211e-11,0.19543332,0.31201255,1.3984944e-05,0.0,0.18584374,0.025897577,0.0,0.10103727,0.0,0.069092594,2e-44,6.403276e-15,0.069947764,0.013561524,0.23697442,0.0,1.66812e-40,1.4970094e-36,0.0,4.13163e-06,0.5223559,0.0,0.0,0.020269293,0.0,0.0112508545,0.0,0.0,1.1706509e-37,0.0,0.0,0.0,0.0,0.0,0.0,0.0,0.0,3.480551e-39,0.0,0.03771787,1.4498217e-14,7.4904944e-09,5.9853264e-20,6.642828e-07,0.060885347,9.972773e-20
4.60695e-40,1.1902787e-11,0.19324571,0.3092466,6.6704883e-06,0.0,0.18232936,0.025177784,0.0,0.09919541,0.0,0.065591075,0.0,5.098008e-16,0.069249175,0.012975739,0.23463264,0.0,7.6e-44,1.72484e-39,0.0,1.7542749e-06,0.5182962,0.0,0.0,0.01702843,0.0,0.010834404,0.0,0.0,1.02911e-40,0.0,0.0,0.0,0.0,0.0,0.0,0.0,0.0,1.788e-42,0.0,0.035300408,1.1159751e-15,1.9501185e-09,1.9701407e-21,2.2198789e-07,0.06082902,2.3959151e-21
2.52e-43,1.9018908e-12,0.18967934,0.30383715,3.0109481e-06,0.0,0.18051778,0.026008999,0.0,0.09658621,0.0,0.0659831,0.0,3.3302675e-17,0.07008064,0.013397343,0.23076348,0.0,0.0,1.076e-42,0.0,6.985662e-07,0.5142657,0.0,0.0,0.014105144,0.0,0.011124385,0.0,0.0,4.8e-44,0.0,0.0,0.0,0.0,0.0,0.0,0.0,0.0,0.0,0.0,0.035615873,7.0281976e-17,4.5854362e-10,4.9303658e-23,6.8220345e-08,0.05852234,4.2542328e-23
0.0,2.6404275e-13,0.18675266,0.29990697,1.280765e-06,0.0,0.17710672,0.025417903,0.0,0.09473986,0.0,0.06483457,0.0,1.7554665e-18,0.06803008,0.012793322,0.22931342,0.0,0.0,0.0,0.0,2.596275e-07,0.5098652,0.0,0.0,0.011515237,0.0,0.010564229,0.0,0.0,0.0,0.0,0.0,0.0,0.0,0.0,0.0,0.0,0.0,0.0,0.0,0.035192203,3.5605568e-18,9.660602e-11,9.153233e-25,1.9158893e-08,0.05948417,5.430422e-25
0.0,3.1490852e-14,0.18350191,0.29455984,5.1111675e-07,0.0,0.1743433,0.024591058,0.0,0.094661936,0.0,0.063893646,0.0,7.331312e-20,0.06699932,0.012493485,0.22644117,0.0,0.0,0.0,0.0,8.958979e-08,0.50621694,0.0,0.0,0.009315483,0.0,0.011081006,0.0,0.0,0.0,0.0,0.0,0.0,0.0,0.0,0.0,0.0,0.0,0.0,0.0,0.03565811,1.4242287e-19,1.807903e-11,1.22668764e-26,4.888112e-09,0.05606521,4.8313825e-27
0.0,3.1867084e-15,0.18040533,0.29185534,1.9043107e-07,0.0,0.17361829,0.024399096,0.0,0.09338059,0.0,0.064044334,0.0,2.3772716e-21,0.066685446,0.012678936,0.22377314,0.0,0.0,0.0,0.0,2.8539741e-08,0.50191957,0.0,0.0,0.007373155,0.0,0.011069459,0.0,0.0,0.0,0.0,0.0,0.0,0.0,0.0,0.0,0.0,0.0,0.0,0.0,0.034907438,4.406672e-21,2.9771777e-12,1.1511549e-28,1.1241736e-09,0.05711869,2.8937013e-29
0.0,2.6994924e-16,0.17740385,0.28770375,6.589183e-08,0.0,0.16922197,0.023740362,0.0,0.09130433,0.0,0.06223081,0.0,5.8533536e-23,0.06542906,0.0119992625,0.22116716,0.0,0.0,0.0,0.0,8.341436e-09,0.49929821,0.0,0.0,0.0057855616,0.0,0.010696133,0.0,0.0,0.0,0.0,0.0,0.0,0.0,0.0,0.0,0.0,0.0,0.0,0.0,0.03387098,1.0309982e-22,4.2702346e-13,7.310457e-31,2.3128517e-10,0.055334356,1.1219004e-31
0.0,1.8861983e-17,0.17458236,0.2839544,2.1053797e-08,0.0,0.16684698,0.02362085,0.0,0.09027464,0.0,0.06154505,0.0,1.0676727e-24,0.065002985,0.012377427,0.21927612,0.0,0.0,0.0,0.0,2.2220072e-09,0.4952137,0.0,0.0,0.004431331,0.0,0.010398858,0.0,0.0,0.0,0.0,0.0,0.0,0.0,0.0,0.0,0.0,0.0,0.0,0.0,0.034189533,1.778688e-24,5.2756976e-14,3.0229971e-33,4.2187687e-11,0.056277107,2.692918e-34
0.0,1.0696275e-18,0.17232935,0.2803112,6.1739156e-09,0.0,0.16478796,0.023524625,0.0,0.08972606,0.0,0.060223218,0.0,1.4036533e-26,0.064678505,0.01181472,0.21696208,0.0,0.0,0.0,0.0,5.355812e-10,0.4907821,0.0,0.0,0.0033477028,0.0,0.010343627,0.0,0.0,0.0,0.0,0.0,0.0,0.0,0.0,0.0,0.0,0.0,0.0,0.0,0.03323703,2.2003241e-26,5.5464984e-15,7.7915165e-36,6.7574848e-12,0.055575743,3.802594e-37
0.0,4.8361945e-20,0.17012304,0.27656335,1.6505489e-09,0.0,0.16308503,0.023407036,0.0,0.08884834,0.0,0.059703045,0.0,1.2899146e-28,0.06383054,0.012704908,0.21475354,0.0,0.0,0.0,0.0,1.1589782e-10,0.4874096,0.0,0.0,0.002474465,0.0,0.010661519,0.0,0.0,0.0,0.0,0.0,0.0,0.0,0.0,0.0,0.0,0.0,0.0,0.0,0.032362003,1.8916703e-28,4.8968743e-16,1.1905785e-38,9.406429e-13,0.055626348,2.97744e-40
0.0,1.7096773e-21,0.16897158,0.27289343,3.993938e-10,0.0,0.16039678,0.022192974,0.0,0.08688508,0.0,0.05854757,0.0,8.005999e-31,0.06296236,0.012516802,0.21228035,0.0,0.0,0.0,0.0,2.2325931e-11,0.48416656,0.0,0.0,0.0017928286,0.0,0.010264429,0.0,0.0,0.0,0.0,0.0,0.0,0.0,0.0,0.0,0.0,0.0,0.0,0.0,0.03182241,1.09127e-30,3.5784326e-17,1.0179e-41,1.1251091e-13,0.05415233,1.2e-43
0.0,4.6248905e-23,0.16496566,0.2702161,8.6793496e-11,0.0,0.15861373,0.022459045,0.0,0.086946,0.0,0.05764405,0.0,3.228357e-33,0.063200794,0.01203769,0.21010639,0.0,0.0,0.0,0.0,3.793309e-12,0.4785967,0.0,0.0,0.0012653362,0.0,0.009918136,0.0,0.0,0.0,0.0,0.0,0.0,0.0,0.0,0.0,0.0,0.0,0.0,0.0,0.032261316,4.060065e-33,2.1303937e-18,4e-45,1.1421728e-14,0.051920045,0.0
0.0,9.347725e-25,0.16336253,0.2665915,1.6795974e-11,0.0,0.15710664,0.022492778,0.0,0.08435881,0.0,0.056921646,0.0,8.093362e-36,0.061932333,0.011383187,0.20711568,0.0,0.0,0.0,0.0,5.6279075e-13,0.47686553,0.0,0.0,0.00087188295,0.0,0.009614482,0.0,0.0,0.0,0.0,0.0,0.0,0.0,0.0,0.0,0.0,0.0,0.0,0.0,0.032587707,9.312485e-36,1.0154753e-19,0.0,9.709155e-16,0.052048855,0.0
0.0,1.3747602e-26,0.16086711,0.26291922,2.8678709e-12,0.0,0.154682,0.022512788,0.0,0.0834192,0.0,0.0566523,0.0,1.1993594e-38,0.06210397,0.011826379,0.20457959,0.0,0.0,0.0,0.0,7.212013e-14,0.4732657,0.0,0.0,0.00058485457,0.0,0.009784341,0.0,0.0,0.0,0.0,0.0,0.0,0.0,0.0,0.0,0.0,0.0,0.0,0.0,0.031428993,1.2504558e-38,3.802034e-21,0.0,6.809872e-17,0.05270472,0.0
0.0,1.4283729e-28,0.15913752,0.2594193,4.2776758e-13,0.0,0.15276271,0.021660555,0.0,0.08323786,0.0,0.05596279,0.0,9.91e-42,0.06103362,0.011951849,0.20274854,0.0,0.0,0.0,0.0,7.888313e-15,0.47005352,0.0,0.0,0.0003811897,0.0,0.010043033,0.0,0.0,0.0,0.0,0.0,0.0,0.0,0.0,0.0,0.0,0.0,0.0,0.0,0.032309297,9.258e-42,1.0948275e-22,0.0,3.877848e-18,0.049437493,0.0
0.0,1.0143635e-30,0.15687346,0.25641292,5.5134906e-14,0.0,0.15082267,0.021578833,0.0,0.08336866,0.0,0.055237327,0.0,4e-45,0.060782224,0.011557714,0.20077819,0.0,0.0,0.0,0.0,7.2694115e-16,0.4654896,0.0,0.0,0.00024060595,0.0,0.010145675,0.0,0.0,0.0,0.0,0.0,0.0,0.0,0.0,0.0,0.0,0.0,0.0,0.0,0.030853318,4e-45,2.3688473e-24,0.0,1.7613166e-19,0.049648415,0.0
0.0,4.74367e-33,0.15394609,0.2530639,6.0683643e-15,0.0,0.14783427,0.021284154,0.0,0.081006736,0.0,0.055163227,0.0,0.0,0.060907353,0.011004709,0.19835173,0.0,0.0,0.0,0.0,5.5648046e-17,0.46249324,0.0,0.0,0.00014694734,0.0,0.010484082,0.0,0.0,0.0,0.0,0.0,0.0,0.0,0.0,0.0,0.0,0.0,0.0,0.0,0.030444043,0.0,3.7528495e-26,0.0,6.2575894e-21,0.048973806,0.0
0.0,1.4005111e-35,0.15258035,0.24956916,5.6302714e-16,0.0,0.14763817,0.021001752,0.0,0.08028385,0.0,0.054923847,0.0,0.0,0.059577964,0.010796256,0.19597054,0.0,0.0,0.0,0.0,3.48418e-18,0.4589517,0.0,0.0,8.6415464e-05,0.0,0.009518191,0.0,0.0,0.0,0.0,0.0,0.0,0.0,0.0,0.0,0.0,0.0,0.0,0.0,0.030396584,0.0,4.2297206e-28,0.0,1.7019954e-22,0.0486687,0.0
0.0,2.4876554e-38,0.15079404,0.2461751,4.3417784e-17,0.0,0.1457318,0.021054821,0.0,0.0787609,0.0,0.05312464,0.0,0.0,0.059289493,0.011139706,0.19393404,0.0,0.0,0.0,0.0,1.7541509e-19,0.45627388,0.0,0.0,4.8881946e-05,0.0,0.010120386,0.0,0.0,0.0,0.0,0.0,0.0,0.0,0.0,0.0,0.0,0.0,0.0,0.0,0.030853124,0.0,3.2839848e-30,0.0,3.4606054e-24,0.04727435,0.0
0.0,2.5149e-41,0.14855799,0.24327126,2.7401714e-18,0.0,0.1441427,0.020717155,0.0,0.077974714,0.0,0.052921176,0.0,0.0,0.05781457,0.0105235325,0.19197333,0.0,0.0,0.0,0.0,6.970039e-21,0.45347843,0.0,0.0,2.651811e-05,0.0,0.009994395,0.0,0.0,0.0,0.0,0.0,0.0,0.0,0.0,0.0,0.0,0.0,0.0,0.0,0.031055888,0.0,1.6939463e-32,0.0,5.122819e-26,0.04793725,0.0
0.0,1.4e-44,0.14628236,0.24092273,1.3915519e-19,0.0,0.14355087,0.0202526,0.0,0.07746172,0.0,0.053067386,0.0,0.0,0.057997122,0.010852663,0.18988687,0.0,0.0,0.0,0.0,2.1412303e-22,0.44948104,0.0,0.0,1.3744754e-05,0.0,0.009468904,0.0,0.0,0.0,0.0,0.0,0.0,0.0,0.0,0.0,0.0,0.0,0.0,0.0,0.028478542,0.0,5.571977e-35,0.0,5.360913e-28,0.0475705,0.0
0.0,0.0,0.1447102,0.23812585,5.5814597e-21,0.0,0.14044525,0.02009589,0.0,0.07717121,0.0,0.05222135,0.0,0.0,0.05813631,0.0106189465,0.18847719,0.0,0.0,0.0,0.0,4.9713154e-24,0.446998,0.0,0.0,6.7817923e-06,0.0,0.009439194,0.0,0.0,0.0,0.0,0.0,0.0,0.0,0.0,0.0,0.0,0.0,0.0,0.0,0.02859331,0.0,1.1154386e-37,0.0,3.8371976e-30,0.04662328,0.0
0.0,0.0,0.14233136,0.23602012,1.732268e-22,0.0,0.13855423,0.02007259,0.0,0.07614458,0.0,0.050594248,0.0,0.0,0.057082336,0.010168151,0.18654943,0.0,0.0,0.0,0.0,8.505708e-26,0.44405067,0.0,0.0,3.178174e-06,0.0,0.009414763,0.0,0.0,0.0,0.0,0.0,0.0,0.0,0.0,0.0,0.0,0.0,0.0,0.0,0.028559571,0.0,1.2879e-40,0.0,1.8101263e-32,0.046694487,0.0
0.0,0.0,0.1416124,0.23313685,4.0668643e-24,0.0,0.13829154,0.019827796,0.0,0.076393254,0.0,0.050070807,0.0,0.0,0.056074396,0.009862982,0.18431,0.0,0.0,0.0,0.0,1.0427904e-27,0.44173858,0.0,0.0,1.4069823e-06,0.0,0.008910385,0.0,0.0,0.0,0.0,0.0,0.0,0.0,0.0,0.0,0.0,0.0,0.0,0.0,0.03043699,0.0,8.1e-44,0.0,5.395753e-35,0.04560458,0.0
0.0,0.0,0.13987374,0.23078185,7.043308e-26,0.0,0.13723487,0.019937318,0.0,0.075593725,0.0,0.051441237,0.0,0.0,0.056330618,0.010369171,0.18247326,0.0,0.0,0.0,0.0,8.878051e-30,0.4377323,0.0,0.0,5.861709e-07,0.0,0.009105751,0.0,0.0,0.0,0.0,0.0,0.0,0.0,0.0,0.0,0.0,0.0,0.0,0.0,0.02807575,0.0,0.0,0.0,9.686825e-38,0.045577455,0.0
0.0,0.0,0.13894957,0.22865292,8.750488e-28,0.0,0.13581923,0.019459914,0.0,0.07496807,0.0,0.050177984,0.0,0.0,0.055914287,0.010047944,0.18113835,0.0,0.0,0.0,0.0,5.067418e-32,0.43538633,0.0,0.0,2.2875363e-07,0.0,0.008880236,0.0,0.0,0.0,0.0,0.0,0.0,0.0,0.0,0.0,0.0,0.0,0.0,0.0,0.028991792,0.0,0.0,0.0,9.9096e-41,0.04567934,0.0
0.0,0.0,0.13730691,0.22571261,7.55914e-30,0.0,0.13406335,0.019339062,0.0,0.07368364,0.0,0.05026474,0.0,0.0,0.056696042,0.01048864,0.17941712,0.0,0.0,0.0,0.0,1.8635282e-34,0.43211225,0.0,0.0,8.3205656e-08,0.0,0.009133371,0.0,0.0,0.0,0.0,0.0,0.0,0.0,0.0,0.0,0.0,0.0,0.0,0.0,0.029112305,0.0,0.0,0.0,5.5e-44,0.045778163,0.0
0.0,0.0,0.13661088,0.22321577,4.3840917e-32,0.0,0.13396196,0.019445667,0.0,0.07279314,0.0,0.0497772,0.0,0.0,0.05468518,0.010544695,0.17809401,0.0,0.0,0.0,0.0,4.220064e-37,0.4290878,0.0,0.0,2.805583e-08,0.0,0.008699658,0.0,0.0,0.0,0.0,0.0,0.0,0.0,0.0,0.0,0.0,0.0,0.0,0.0,0.028751379,0.0,0.0,0.0,0.0,0.043511484,0.0
0.0,0.0,0.13454248,0.22092175,1.6408471e-34,0.0,0.13182582,0.019457545,0.0,0.07271105,0.0,0.048981618,0.0,0.0,0.055437583,0.010536995,0.17640494,0.0,0.0,0.0,0.0,5.58722e-40,0.4250158,0.0,0.0,8.718283e-09,0.0,0.009675909,0.0,0.0,0.0,0.0,0.0,0.0,0.0,0.0,0.0,0.0,0.0,0.0,0.0,0.028841509,0.0,0.0,0.0,0.0,0.044071864,0.0
0.0,0.0,0.1320809,0.2178179,3.7887034e-37,0.0,0.12998293,0.018833194,0.0,0.072133,0.0,0.049366698,0.0,0.0,0.05453254,0.010050543,0.17410974,0.0,0.0,0.0,0.0,4.08e-43,0.4237809,0.0,0.0,2.4811655e-09,0.0,0.008637918,0.0,0.0,0.0,0.0,0.0,0.0,0.0,0.0,0.0,0.0,0.0,0.0,0.0,0.027114056,0.0,0.0,0.0,0.0,0.044672787,0.0
0.0,0.0,0.13101661,0.21626168,5.12542e-40,0.0,0.12924469,0.018955046,0.0,0.07054169,0.0,0.048121236,0.0,0.0,0.05484139,0.010292091,0.17242584,0.0,0.0,0.0,0.0,0.0,0.4204052,0.0,0.0,6.4226e-10,0.0,0.008770261,0.0,0.0,0.0,0.0,0.0,0.0,0.0,0.0,0.0,0.0,0.0,0.0,0.0,0.0273461,0.0,0.0,0.0,0.0,0.044666104,0.0
0.0,0.0,0.12824263,0.21396454,3.83e-43,0.0,0.12753288,0.018479351,0.0,0.07142221,0.0,0.047233734,0.0,0.0,0.054721758,0.010134722,0.1703623,0.0,0.0,0.0,0.0,0.0,0.4181551,0.0,0.0,1.50101e-10,0.0,0.008841462,0.0,0.0,0.0,0.0,0.0,0.0,0.0,0.0,0.0,0.0,0.0,0.0,0.0,0.028203694,0.0,0.0,0.0,0.0,0.044609554,0.0
0.0,0.0,0.12778847,0.21195288,0.0,0.0,0.12625435,0.018698988,0.0,0.069852546,0.0,0.0471659,0.0,0.0,0.05347849,0.010130151,0.1693921,0.0,0.0,0.0,0.0,0.0,0.41459814,0.0,0.0,3.1418732e-11,0.0,0.008309866,0.0,0.0,0.0,0.0,0.0,0.0,0.0,0.0,0.0,0.0,0.0,0.0,0.0,0.028345454,0.0,0.0,0.0,0.0,0.042122275,0.0
0.0,0.0,0.126924,0.20939188,0.0,0.0,0.12551498,0.017829273,0.0,0.06885573,0.0,0.046748415,0.0,0.0,0.052826125,0.009693382,0.16774884,0.0,0.0,0.0,0.0,0.0,0.41241437,0.0,0.0,5.8390766e-12,0.0,0.008434366,0.0,0.0,0.0,0.0,0.0,0.0,0.0,0.0,0.0,0.0,0.0,0.0,0.0,0.02989463,0.0,0.0,0.0,0.0,0.042099506,0.0
0.0,0.0,0.1259143,0.20759955,0.0,0.0,0.12431577,0.018263318,0.0,0.06779936,0.0,0.04655983,0.0,0.0,0.05348803,0.010132495,0.1662071,0.0,0.0,0.0,0.0,0.0,0.4096926,0.0,0.0,9.544323e-13,0.0,0.00857463,0.0,0.0,0.0,0.0,0.0,0.0,0.0,0.0,0.0,0.0,0.0,0.0,0.0,0.02713907,0.0,0.0,0.0,0.0,0.04192678,0.0
0.0,0.0,0.124892876,0.20537803,0.0,0.0,0.12314186,0.018005123,0.0,0.06876119,0.0,0.04664625,0.0,0.0,0.05307091,0.010331229,0.16529924,0.0,0.0,0.0,0.0,0.0,0.407084,0.0,0.0,1.3580821e-13,0.0,0.008743734,0.0,0.0,0.0,0.0,0.0,0.0,0.0,0.0,0.0,0.0,0.0,0.0,0.0,0.026490582,0.0,0.0,0.0,0.0,0.04286041,0.0
0.0,0.0,0.12414468,0.20363404,0.0,0.0,0.12182224,0.017486097,0.0,0.067225836,0.0,0.046110343,0.0,0.0,0.05269057,0.009899841,0.1639345,0.0,0.0,0.0,0.0,0.0,0.4048481,0.0,0.0,1.6635222e-14,0.0,0.0085311765,0.0,0.0,0.0,0.0,0.0,0.0,0.0,0.0,0.0,0.0,0.0,0.0,0.0,0.026854157,0.0,0.0,0.0,0.0,0.042610254,0.0
0.0,0.0,0.122811474,0.201571,0.0,0.0,0.12063987,0.017967971,0.0,0.06746006,0.0,0.046294603,0.0,0.0,0.05221834,0.009919863,0.16227008,0.0,0.0,0.0,0.0,0.0,0.4024069,0.0,0.0,1.7328358e-15,0.0,0.008762639,0.0,0.0,0.0,0.0,0.0,0.0,0.0,0.0,0.0,0.0,0.0,0.0,0.0,0.026578894,0.0,0.0,0.0,0.0,0.042171363,0.0
0.0,0.0,0.12173345,0.19932792,0.0,0.0,0.12071978,0.018199187,0.0,0.06828721,0.0,0.045396324,0.0,0.0,0.052041035,0.009690606,0.16042857,0.0,0.0,0.0,0.0,0.0,0.39923522,0.0,0.0,1.514727e-16,0.0,0.008575677,0.0,0.0,0.0,0.0,0.0,0.0,0.0,0.0,0.0,0.0,0.0,0.0,0.0,0.026992125,0.0,0.0,0.0,0.0,0.041746292,0.0
0.0,0.0,0.120260514,0.19747378,0.0,0.0,0.11906535,0.017333444,0.0,0.06675738,0.0,0.046589512,0.0,0.0,0.052032966,0.0101239905,0.15925854,0.0,0.0,0.0,0.0,0.0,0.39670902,0.0,0.0,1.09507554e-17,0.0,0.00831688,0.0,0.0,0.0,0.0,0.0,0.0,0.0,0.0,0.0,0.0,0.0,0.0,0.0,0.026673898,0.0,0.0,0.0,0.0,0.042591684,0.0
0.0,0.0,0.11898773,0.19518279,0.0,0.0,0.11688119,0.017531937,0.0,0.066265635,0.0,0.044678833,0.0,0.0,0.051283307,0.009974702,0.15752937,0.0,0.0,0.0,0.0,0.0,0.39508733,0.0,0.0,6.444201e-19,0.0,0.008639227,0.0,0.0,0.0,0.0,0.0,0.0,0.0,0.0,0.0,0.0,0.0,0.0,0.0,0.024881775,0.0,0.0,0.0,0.0,0.04121045,0.0
0.0,0.0,0.11786296,0.19371071,0.0,0.0,0.115769185,0.017550549,0.0,0.064558476,0.0,0.04479839,0.0,0.0,0.0523453,0.009278354,0.15655439,0.0,0.0,0.0,0.0,0.0,0.39300418,0.0,0.0,3.0333314e-20,0.0,0.008216243,0.0,0.0,0.0,0.0,0.0,0.0,0.0,0.0,0.0,0.0,0.0,0.0,0.0,0.024966707,0.0,0.0,0.0,0.0,0.041837618,0.0
0.0,0.0,0.116150096,0.1920984,0.0,0.0,0.11539515,0.017890489,0.0,0.06520347,0.0,0.044781838,0.0,0.0,0.05195894,0.009498766,0.15527582,0.0,0.0,0.0,0.0,0.0,0.39001155,0.0,0.0,1.1203457e-21,0.0,0.008371495,0.0,0.0,0.0,0.0,0.0,0.0,0.0,0.0,0.0,0.0,0.0,0.0,0.0,0.02467713,0.0,0.0,0.0,0.0,0.040175576,0.0
0.0,0.0,0.11606927,0.19036321,0.0,0.0,0.11452422,0.017537357,0.0,0.06361796,0.0,0.04479291,0.0,0.0,0.05133198,0.009730074,0.15405664,0.0,0.0,0.0,0.0,0.0,0.38734284,0.0,0.0,3.1787696e-23,0.0,0.007827184,0.0,0.0,0.0,0.0,0.0,0.0,0.0,0.0,0.0,0.0,0.0,0.0,0.0,0.024191728,0.0,0.0,0.0,0.0,0.040682953,0.0
0.0,0.0,0.11435038,0.18859908,0.0,0.0,0.11330559,0.017228605,0.0,0.064285904,0.0,0.04403772,0.0,0.0,0.05084255,0.009682038,0.15287633,0.0,0.0,0.0,0.0,0.0,0.38463947,0.0,0.0,6.768092e-25,0.0,0.00824274,0.0,0.0,0.0,0.0,0.0,0.0,0.0,0.0,0.0,0.0,0.0,0.0,0.0,0.024886256,0.0,0.0,0.0,0.0,0.03965158,0.0
0.0,0.0,0.114089854,0.18721703,0.0,0.0,0.1122786,0.016866168,0.0,0.06307697,0.0,0.04304528,0.0,0.0,0.050246816,0.00900573,0.15149726,0.0,0.0,0.0,0.0,0.0,0.38205978,0.0,0.0,1.0536109e-26,0.0,0.00798886,0.0,0.0,0.0,0.0,0.0,0.0,0.0,0.0,0.0,0.0,0.0,0.0,0.0,0.025088705,0.0,0.0,0.0,0.0,0.03945044,0.0
0.0,0.0,0.112162635,0.18562727,0.0,0.0,0.11108889,0.01654182,0.0,0.06312235,0.0,0.043264598,0.0,0.0,0.049276996,0.009414369,0.1504174,0.0,0.0,0.0,0.0,0.0,0.37926358,0.0,0.0,1.1649903e-28,0.0,0.008078732,0.0,0.0,0.0,0.0,0.0,0.0,0.0,0.0,0.0,0.0,0.0,0.0,0.0,0.023754094,0.0,0.0,0.0,0.0,0.040169053,0.0
0.0,0.0,0.112002,0.1835651,0.0,0.0,0.110978685,0.016599555,0.0,0.063186385,0.0,0.04319385,0.0,0.0,0.04940296,0.009266169,0.14916617,0.0,0.0,0.0,0.0,0.0,0.37639782,0.0,0.0,8.857629e-31,0.0,0.008309083,0.0,0.0,0.0,0.0,0.0,0.0,0.0,0.0,0.0,0.0,0.0,0.0,0.0,0.023735091,0.0,0.0,0.0,0.0,0.040122658,0.0
0.0,0.0,0.110681996,0.18163839,0.0,0.0,0.10915511,0.01691835,0.0,0.061401706,0.0,0.042449392,0.0,0.0,0.049979415,0.009297303,0.14747274,0.0,0.0,0.0,0.0,0.0,0.37499595,0.0,0.0,4.4651454e-33,0.0,0.008341993,0.0,0.0,0.0,0.0,0.0,0.0,0.0,0.0,0.0,0.0,0.0,0.0,0.0,0.02505398,0.0,0.0,0.0,0.0,0.03835721,0.0
0.0,0.0,0.10943237,0.1803716,0.0,0.0,0.10863563,0.017033601,0.0,0.06064259,0.0,0.04237454,0.0,0.0,0.050291162,0.009253931,0.14596894,0.0,0.0,0.0,0.0,0.0,0.3723037,0.0,0.0,1.4320481e-35,0.0,0.00816395,0.0,0.0,0.0,0.0,0.0,0.0,0.0,0.0,0.0,0.0,0.0,0.0,0.0,0.024385931,0.0,0.0,0.0,0.0,0.039914507,0.0
0.0,0.0,0.10895389,0.17781653,0.0,0.0,0.107904784,0.016733939,0.0,0.061748207,0.0,0.041975375,0.0,0.0,0.049169533,0.009426305,0.14460126,0.0,0.0,0.0,0.0,0.0,0.37008998,0.0,0.0,2.7877446e-38,0.0,0.008132716,0.0,0.0,0.0,0.0,0.0,0.0,0.0,0.0,0.0,0.0,0.0,0.0,0.0,0.023957066,0.0,0.0,0.0,0.0,0.03887875,0.0
0.0,0.0,0.10760003,0.17659245,0.0,0.0,0.106626734,0.016075844,0.0,0.061567813,0.0,0.04204156,0.0,0.0,0.0490095,0.009574685,0.14338362,0.0,0.0,0.0,0.0,0.0,0.36800584,0.0,0.0,3.1204e-41,0.0,0.0076158135,0.0,0.0,0.0,0.0,0.0,0.0,0.0,0.0,0.0,0.0,0.0,0.0,0.0,0.02463972,0.0,0.0,0.0,0.0,0.03883312,0.0
0.0,0.0,0.1075202,0.17502709,0.0,0.0,0.10631295,0.016311452,0.0,0.05972355,0.0,0.04180841,0.0,0.0,0.048863497,0.008719539,0.14217207,0.0,0.0,0.0,0.0,0.0,0.36563244,0.0,0.0,1.8e-44,0.0,0.0076889577,0.0,0.0,0.0,0.0,0.0,0.0,0.0,0.0,0.0,0.0,0.0,0.0,0.0,0.02425358,0.0,0.0,0.0,0.0,0.03765227,0.0
0.0,0.0,0.10626948,0.17348142,0.0,0.0,0.10459234,0.01602793,0.0,0.060529556,0.0,0.040614165,0.0,0.0,0.04915833,0.008634792,0.1409454,0.0,0.0,0.0,0.0,0.0,0.36450577,0.0,0.0,0.0,0.0,0.007353222,0.0,0.0,0.0,0.0,0.0,0.0,0.0,0.0,0.0,0.0,0.0,0.0,0.0,0.024195759,0.0,0.0,0.0,0.0,0.03946111,0.0
0.0,0.0,0.10516925,0.17270002,0.0,0.0,0.103764534,0.01588003,0.0,0.06039783,0.0,0.040739253,0.0,0.0,0.048761137,0.008792181,0.14029321,0.0,0.0,0.0,0.0,0.0,0.36230025,0.0,0.0,0.0,0.0,0.0073698615,0.0,0.0,0.0,0.0,0.0,0.0,0.0,0.0,0.0,0.0,0.0,0.0,0.0,0.02342315,0.0,0.0,0.0,0.0,0.038516223,0.0
0.0,0.0,0.10433342,0.17108864,0.0,0.0,0.10350184,0.01600319,0.0,0.05980052,0.0,0.040671267,0.0,0.0,0.04790752,0.009341839,0.13883293,0.0,0.0,0.0,0.0,0.0,0.35866904,0.0,0.0,0.0,0.0,0.00776729,0.0,0.0,0.0,0.0,0.0,0.0,0.0,0.0,0.0,0.0,0.0,0.0,0.0,0.023707623,0.0,0.0,0.0,0.0,0.038101982,0.0
0.0,0.0,0.10265702,0.16949965,0.0,0.0,0.10217806,0.0159653,0.0,0.0587119,0.0,0.040297713,0.0,0.0,0.047670152,0.008807857,0.13748227,0.0,0.0,0.0,0.0,0.0,0.3571654,0.0,0.0,0.0,0.0,0.0075736674,0.0,0.0,0.0,0.0,0.0,0.0,0.0,0.0,0.0,0.0,0.0,0.0,0.0,0.022841208,0.0,0.0,0.0,0.0,0.03718462,0.0
0.0,0.0,0.102095366,0.16712746,0.0,0.0,0.10246801,0.016120585,0.0,0.058876142,0.0,0.041038357,0.0,0.0,0.047606166,0.008952685,0.1356696,0.0,0.0,0.0,0.0,0.0,0.35353926,0.0,0.0,0.0,0.0,0.00783605,0.0,0.0,0.0,0.0,0.0,0.0,0.0,0.0,0.0,0.0,0.0,0.0,0.0,0.023591824,0.0,0.0,0.0,0.0,0.03535955,0.0
0.0,0.0,0.10169353,0.16570993,0.0,0.0,0.10047817,0.0154468315,0.0,0.05852192,0.0,0.03970656,0.0,0.0,0.04781733,0.009195683,0.13506232,0.0,0.0,0.0,0.0,0.0,0.35202593,0.0,0.0,0.0,0.0,0.0076703876,0.0,0.0,0.0,0.0,0.0,0.0,0.0,0.0,0.0,0.0,0.0,0.0,0.0,0.022612447,0.0,0.0,0.0,0.0,0.036753315,0.0
0.0,0.0,0.1004537,0.16452947,0.0,0.0,0.09969932,0.015220521,0.0,0.057920035,0.0,0.039957985,0.0,0.0,0.047314692,0.008712505,0.13376936,0.0,0.0,0.0,0.0,0.0,0.3496154,0.0,0.0,0.0,0.0,0.0075665596,0.0,0.0,0.0,0.0,0.0,0.0,0.0,0.0,0.0,0.0,0.0,0.0,0.0,0.022181418,0.0,0.0,0.0,0.0,0.037345923,0.0
0.0,0.0,0.100155555,0.1634992,0.0,0.0,0.09931457,0.015762838,0.0,0.05748141,0.0,0.039442845,0.0,0.0,0.04687078,0.008345916,0.13235268,0.0,0.0,0.0,0.0,0.0,0.3471881,0.0,0.0,0.0,0.0,0.007830559,0.0,0.0,0.0,0.0,0.0,0.0,0.0,0.0,0.0,0.0,0.0,0.0,0.0,0.023318969,0.0,0.0,0.0,0.0,0.036854997,0.0
0.0,0.0,0.09893717,0.16186833,0.0,0.0,0.09812896,0.015267994,0.0,0.057332873,0.0,0.039281525,0.0,0.0,0.047138527,0.008620779,0.13177608,0.0,0.0,0.0,0.0,0.0,0.34536418,0.0,0.0,0.0,0.0,0.0074789757,0.0,0.0,0.0,0.0,0.0,0.0,0.0,0.0,0.0,0.0,0.0,0.0,0.0,0.02237735,0.0,0.0,0.0,0.0,0.036239278,0.0
0.0,0.0,0.099476546,0.16095805,0.0,0.0,0.09766074,0.014937158,0.0,0.057537615,0.0,0.03891601,0.0,0.0,0.047168694,0.008509568,0.13110371,0.0,0.0,0.0,0.0,0.0,0.34220755,0.0,0.0,0.0,0.0,0.0066396976,0.0,0.0,0.0,0.0,0.0,0.0,0.0,0.0,0.0,0.0,0.0,0.0,0.0,0.022481421,0.0,0.0,0.0,0.0,0.037563328,0.0
0.0,0.0,0.09848085,0.15955245,0.0,0.0,0.09641147,0.0150392605,0.0,0.056411993,0.0,0.038752344,0.0,0.0,0.046995424,0.008692801,0.12978339,0.0,0.0,0.0,0.0,0.0,0.34136447,0.0,0.0,0.0,0.0,0.00764015,0.0,0.0,0.0,0.0,0.0,0.0,0.0,0.0,0.0,0.0,0.0,0.0,0.0,0.022635303,0.0,0.0,0.0,0.0,0.03728938,0.0
0.0,0.0,0.09692113,0.15812062,0.0,0.0,0.095800474,0.01529838,0.0,0.056113604,0.0,0.03977564,0.0,0.0,0.047267515,0.00880845,0.12877977,0.0,0.0,0.0,0.0,0.0,0.3401498,0.0,0.0,0.0,0.0,0.0076772785,0.0,0.0,0.0,0.0,0.0,0.0,0.0,0.0,0.0,0.0,0.0,0.0,0.0,0.021994807,0.0,0.0,0.0,0.0,0.036175027,0.0
0.0,0.0,0.096778706,0.15704851,0.0,0.0,0.094701186,0.015386214,0.0,0.05667682,0.0,0.03787086,0.0,0.0,0.046929225,0.008481198,0.12791473,0.0,0.0,0.0,0.0,0.0,0.33839622,0.0,0.0,0.0,0.0,0.0073222555,0.0,0.0,0.0,0.0,0.0,0.0,0.0,0.0,0.0,0.0,0.0,0.0,0.0,0.021867918,0.0,0.0,0.0,0.0,0.03641313,0.0
0.0,0.0,0.09583156,0.1557073,0.0,0.0,0.09483012,0.014985336,0.0,0.05635393,0.0,0.037846234,0.0,0.0,0.046490967,0.008856751,0.12593798,0.0,0.0,0.0,0.0,0.0,0.33655185,0.0,0.0,0.0,0.0,0.0073173763,0.0,0.0,0.0,0.0,0.0,0.0,0.0,0.0,0.0,0.0,0.0,0.0,0.0,0.02220813,0.0,0.0,0.0,0.0,0.035868105,0.0
0.0,0.0,0.09497987,0.15490212,0.0,0.0,0.094354436,0.015120931,0.0,0.05600902,0.0,0.0383614,0.0,0.0,0.046956923,0.0093551455,0.12555738,0.0,0.0,0.0,0.0,0.0,0.33319265,0.0,0.0,0.0,0.0,0.0076114656,0.0,0.0,0.0,0.0,0.0,0.0,0.0,0.0,0.0,0.0,0.0,0.0,0.0,0.022809338,0.0,0.0,0.0,0.0,0.036138866,0.0
0.0,0.0,0.094698764,0.15269428,0.0,0.0,0.09280593,0.015017182,0.0,0.05534093,0.0,0.037623107,0.0,0.0,0.04734548,0.008572698,0.12423074,0.0,0.0,0.0,0.0,0.0,0.3328703,0.0,0.0,0.0,0.0,0.007470631,0.0,0.0,0.0,0.0,0.0,0.0,0.0,0.0,0.0,0.0,0.0,0.0,0.0,0.023213271,0.0,0.0,0.0,0.0,0.035717476,0.0
0.0,0.0,0.09401485,0.15183447,0.0,0.0,0.09233415,0.0149057405,0.0,0.05433365,0.0,0.03764604,0.0,0.0,0.046415247,0.0088211,0.123243995,0.0,0.0,0.0,0.0,0.0,0.33077514,0.0,0.0,0.0,0.0,0.0072094947,0.0,0.0,0.0,0.0,0.0,0.0,0.0,0.0,0.0,0.0,0.0,0.0,0.0,0.022852898,0.0,0.0,0.0,0.0,0.03494224,0.0
0.0,0.0,0.09302052,0.15148553,0.0,0.0,0.0924118,0.014977387,0.0,0.05438329,0.0,0.037734695,0.0,0.0,0.04657559,0.008519845,0.12275502,0.0,0.0,0.0,0.0,0.0,0.32834473,0.0,0.0,0.0,0.0,0.0073837494,0.0,0.0,0.0,0.0,0.0,0.0,0.0,0.0,0.0,0.0,0.0,0.0,0.0,0.022313235,0.0,0.0,0.0,0.0,0.034901146,0.0
0.0,0.0,0.09257941,0.15044643,0.0,0.0,0.09188569,0.014821252,0.0,0.054070365,0.0,0.03637689,0.0,0.0,0.0459769,0.008036089,0.12138498,0.0,0.0,0.0,0.0,0.0,0.32653463,0.0,0.0,0.0,0.0,0.0071233846,0.0,0.0,0.0,0.0,0.0,0.0,0.0,0.0,0.0,0.0,0.0,0.0,0.0,0.021407243,0.0,0.0,0.0,0.0,0.034159105,0.0
0.0,0.0,0.09232851,0.14829302,0.0,0.0,0.0916417,0.015029428,0.0,0.05431935,0.0,0.037455954,0.0,0.0,0.045621037,0.008737528,0.12068945,0.0,0.0,0.0,0.0,0.0,0.32441598,0.0,0.0,0.0,0.0,0.0073006894,0.0,0.0,0.0,0.0,0.0,0.0,0.0,0.0,0.0,0.0,0.0,0.0,0.0,0.022674136,0.0,0.0,0.0,0.0,0.03636199,0.0
0.0,0.0,0.09199847,0.14767878,0.0,0.0,0.09056734,0.014942703,0.0,0.053925052,0.0,0.03625199,0.0,0.0,0.045719564,0.008401934,0.12007059,0.0,0.0,0.0,0.0,0.0,0.3225789,0.0,0.0,0.0,0.0,0.006942079,0.0,0.0,0.0,0.0,0.0,0.0,0.0,0.0,0.0,0.0,0.0,0.0,0.0,0.021308547,0.0,0.0,0.0,0.0,0.034688175,0.0
0.0,0.0,0.0909881,0.1464605,0.0,0.0,0.08940816,0.014361363,0.0,0.053118438,0.0,0.036427237,0.0,0.0,0.045016497,0.00866473,0.11890564,0.0,0.0,0.0,0.0,0.0,0.3215366,0.0,0.0,0.0,0.0,0.0072893617,0.0,0.0,0.0,0.0,0.0,0.0,0.0,0.0,0.0,0.0,0.0,0.0,0.0,0.02166864,0.0,0.0,0.0,0.0,0.033680774,0.0
0.0,0.0,0.09071153,0.14531763,0.0,0.0,0.088885926,0.015031176,0.0,0.05265262,0.0,0.036709946,0.0,0.0,0.0454651,0.008602512,0.11816802,0.0,0.0,0.0,0.0,0.0,0.31937605,0.0,0.0,0.0,0.0,0.0074391644,0.0,0.0,0.0,0.0,0.0,0.0,0.0,0.0,0.0,0.0,0.0,0.0,0.0,0.022068135,0.0,0.0,0.0,0.0,0.033786748,0.0
0.0,0.0,0.08983748,0.14421067,0.0,0.0,0.08871608,0.014541949,0.0,0.052826736,0.0,0.036446102,0.0,0.0,0.04524826,0.0081706215,0.117172725,0.0,0.0,0.0,0.0,0.0,0.31793842,0.0,0.0,0.0,0.0,0.007122036,0.0,0.0,0.0,0.0,0.0,0.0,0.0,0.0,0.0,0.0,0.0,0.0,0.0,0.021254744,0.0,0.0,0.0,0.0,0.034211934,0.0
0.0,0.0,0.089391455,0.14312997,0.0,0.0,0.08818027,0.014576883,0.0,0.052774355,0.0,0.03631437,0.0,0.0,0.045337223,0.008302943,0.11595233,0.0,0.0,0.0,0.0,0.0,0.31608775,0.0,0.0,0.0,0.0,0.0074825617,0.0,0.0,0.0,0.0,0.0,0.0,0.0,0.0,0.0,0.0,0.0,0.0,0.0,0.021588799,0.0,0.0,0.0,0.0,0.032159153,0.0
0.0,0.0,0.089053646,0.14253101,0.0,0.0,0.087448835,0.014478442,0.0,0.052453782,0.0,0.036181465,0.0,0.0,0.04492597,0.008278675,0.11507872,0.0,0.0,0.0,0.0,0.0,0.31403357,0.0,0.0,0.0,0.0,0.007186079,0.0,0.0,0.0,0.0,0.0,0.0,0.0,0.0,0.0,0.0,0.0,0.0,0.0,0.02172538,0.0,0.0,0.0,0.0,0.032670245,0.0
0.0,0.0,0.087677,0.14164165,0.0,0.0,0.08597993,0.0143761635,0.0,0.052609157,0.0,0.03481873,0.0,0.0,0.044759367,0.008338605,0.11458548,0.0,0.0,0.0,0.0,0.0,0.3121464,0.0,0.0,0.0,0.0,0.0075241267,0.0,0.0,0.0,0.0,0.0,0.0,0.0,0.0,0.0,0.0,0.0,0.0,0.0,0.021960631,0.0,0.0,0.0,0.0,0.034024324,0.0
0.0,0.0,0.08672146,0.14002195,0.0,0.0,0.086176544,0.014348149,0.0,0.051974855,0.0,0.03582857,0.0,0.0,0.045437854,0.007983956,0.11284649,0.0,0.0,0.0,0.0,0.0,0.31097528,0.0,0.0,0.0,0.0,0.0069524334,0.0,0.0,0.0,0.0,0.0,0.0,0.0,0.0,0.0,0.0,0.0,0.0,0.0,0.02183026,0.0,0.0,0.0,0.0,0.03327497,0.0
0.0,0.0,0.086821355,0.13943002,0.0,0.0,0.085620895,0.0141919665,0.0,0.05129857,0.0,0.03614393,0.0,0.0,0.04505798,0.0079906145,0.112631544,0.0,0.0,0.0,0.0,0.0,0.30927038,0.0,0.0,0.0,0.0,0.0069828923,0.0,0.0,0.0,0.0,0.0,0.0,0.0,0.0,0.0,0.0,0.0,0.0,0.0,0.021174874,0.0,0.0,0.0,0.0,0.034048982,0.0
0.0,0.0,0.087063126,0.13828333,0.0,0.0,0.08508487,0.014230498,0.0,0.051398944,0.0,0.03526858,0.0,0.0,0.044719122,0.007992476,0.11199234,0.0,0.0,0.0,0.0,0.0,0.30772886,0.0,0.0,0.0,0.0,0.0072586057,0.0,0.0,0.0,0.0,0.0,0.0,0.0,0.0,0.0,0.0,0.0,0.0,0.0,0.021155179,0.0,0.0,0.0,0.0,0.032931086,0.0
0.0,0.0,0.086362466,0.13795947,0.0,0.0,0.084943615,0.013853104,0.0,0.05228026,0.0,0.035718534,0.0,0.0,0.044347055,0.007960411,0.1114059,0.0,0.0,0.0,0.0,0.0,0.30565688,0.0,0.0,0.0,0.0,0.00684926,0.0,0.0,0.0,0.0,0.0,0.0,0.0,0.0,0.0,0.0,0.0,0.0,0.0,0.021426348,0.0,0.0,0.0,0.0,0.033394933,0.0
0.0,0.0,0.085954234,0.137047,0.0,0.0,0.084252104,0.01370426,0.0,0.05129294,0.0,0.03510918,0.0,0.0,0.04399457,0.008084923,0.11023952,0.0,0.0,0.0,0.0,0.0,0.30511907,0.0,0.0,0.0,0.0,0.006755603,0.0,0.0,0.0,0.0,0.0,0.0,0.0,0.0,0.0,0.0,0.0,0.0,0.0,0.02104483,0.0,0.0,0.0,0.0,0.03285297,0.0
0.0,0.0,0.084878944,0.13550462,0.0,0.0,0.08331595,0.014068105,0.0,0.051520992,0.0,0.03479999,0.0,0.0,0.04366186,0.008653753,0.109348446,0.0,0.0,0.0,0.0,0.0,0.3035258,0.0,0.0,0.0,0.0,0.006648138,0.0,0.0,0.0,0.0,0.0,0.0,0.0,0.0,0.0,0.0,0.0,0.0,0.0,0.020874945,0.0,0.0,0.0,0.0,0.032642704,0.0
0.0,0.0,0.08481801,0.13510728,0.0,0.0,0.083414264,0.014304619,0.0,0.050488576,0.0,0.034938645,0.0,0.0,0.043641187,0.008307559,0.108642705,0.0,0.0,0.0,0.0,0.0,0.30208522,0.0,0.0,0.0,0.0,0.007101609,0.0,0.0,0.0,0.0,0.0,0.0,0.0,0.0,0.0,0.0,0.0,0.0,0.0,0.021775026,0.0,0.0,0.0,0.0,0.032855444,0.0
0.0,0.0,0.08356367,0.13365875,0.0,0.0,0.08287157,0.013902817,0.0,0.05086998,0.0,0.034977417,0.0,0.0,0.043015286,0.008111896,0.10763472,0.0,0.0,0.0,0.0,0.0,0.30033675,0.0,0.0,0.0,0.0,0.0071200323,0.0,0.0,0.0,0.0,0.0,0.0,0.0,0.0,0.0,0.0,0.0,0.0,0.0,0.020844953,0.0,0.0,0.0,0.0,0.032615233,0.0
0.0,0.0,0.08331905,0.13306098,0.0,0.0,0.08184308,0.014171317,0.0,0.05073509,0.0,0.03454374,0.0,0.0,0.042819876,0.008093243,0.10718389,0.0,0.0,0.0,0.0,0.0,0.29873875,0.0,0.0,0.0,0.0,0.0064855013,0.0,0.0,0.0,0.0,0.0,0.0,0.0,0.0,0.0,0.0,0.0,0.0,0.0,0.020743493,0.0,0.0,0.0,0.0,0.03332064,0.0
0.0,0.0,0.08337474,0.13261104,0.0,0.0,0.082071476,0.0139522515,0.0,0.05070074,0.0,0.03411902,0.0,0.0,0.043051153,0.008184419,0.10683943,0.0,0.0,0.0,0.0,0.0,0.29605305,0.0,0.0,0.0,0.0,0.0070341052,0.0,0.0,0.0,0.0,0.0,0.0,0.0,0.0,0.0,0.0,0.0,0.0,0.0,0.020284705,0.0,0.0,0.0,0.0,0.03283039,0.0
0.0,0.0,0.08263728,0.13178065,0.0,0.0,0.08056543,0.014263161,0.0,0.050055698,0.0,0.034242567,0.0,0.0,0.042859033,0.008235023,0.1058933,0.0,0.0,0.0,0.0,0.0,0.2949097,0.0,0.0,0.0,0.0,0.007081664,0.0,0.0,0.0,0.0,0.0,0.0,0.0,0.0,0.0,0.0,0.0,0.0,0.0,0.021149708,0.0,0.0,0.0,0.0,0.032511197,0.0
0.0,0.0,0.08245454,0.1309308,0.0,0.0,0.08081351,0.013960553,0.0,0.0497004,0.0,0.033982694,0.0,0.0,0.043383993,0.008321004,0.10514072,0.0,0.0,0.0,0.0,0.0,0.29376048,0.0,0.0,0.0,0.0,0.006941884,0.0,0.0,0.0,0.0,0.0,0.0,0.0,0.0,0.0,0.0,0.0,0.0,0.0,0.020550476,0.0,0.0,0.0,0.0,0.03252326,0.0
0.0,0.0,0.0819164,0.13024244,0.0,0.0,0.07995729,0.013652661,0.0,0.049379505,0.0,0.033685576,0.0,0.0,0.042945966,0.008282702,0.10444078,0.0,0.0,0.0,0.0,0.0,0.29216298,0.0,0.0,0.0,0.0,0.006720549,0.0,0.0,0.0,0.0,0.0,0.0,0.0,0.0,0.0,0.0,0.0,0.0,0.0,0.020403309,0.0,0.0,0.0,0.0,0.03307034,0.0
0.0,0.0,0.08154266,0.1291309,0.0,0.0,0.07940153,0.013624764,0.0,0.04923118,0.0,0.03383583,0.0,0.0,0.042259824,0.008042827,0.10342273,0.0,0.0,0.0,0.0,0.0,0.29021165,0.0,0.0,0.0,0.0,0.00665051,0.0,0.0,0.0,0.0,0.0,0.0,0.0,0.0,0.0,0.0,0.0,0.0,0.0,0.020920448,0.0,0.0,0.0,0.0,0.031267133,0.0
0.0,0.0,0.0801954,0.12797402,0.0,0.0,0.07857621,0.013677543,0.0,0.049341675,0.0,0.033804018,0.0,0.0,0.04303028,0.007983559,0.10249774,0.0,0.0,0.0,0.0,0.0,0.28973192,0.0,0.0,0.0,0.0,0.0065290118,0.0,0.0,0.0,0.0,0.0,0.0,0.0,0.0,0.0,0.0,0.0,0.0,0.0,0.020331783,0.0,0.0,0.0,0.0,0.032052916,0.0
0.0,0.0,0.08015851,0.12733984,0.0,0.0,0.077416256,0.013741688,0.0,0.048645914,0.0,0.033795785,0.0,0.0,0.04298627,0.008214741,0.10180396,0.0,0.0,0.0,0.0,0.0,0.28776836,0.0,0.0,0.0,0.0,0.0069007506,0.0,0.0,0.0,0.0,0.0,0.0,0.0,0.0,0.0,0.0,0.0,0.0,0.0,0.020337142,0.0,0.0,0.0,0.0,0.032233335,0.0
0.0,0.0,0.080152705,0.12686858,0.0,0.0,0.07801612,0.013285044,0.0,0.04912919,0.0,0.0333109,0.0,0.0,0.04213202,0.007942222,0.10082997,0.0,0.0,0.0,0.0,0.0,0.28597587,0.0,0.0,0.0,0.0,0.0067007444,0.0,0.0,0.0,0.0,0.0,0.0,0.0,0.0,0.0,0.0,0.0,0.0,0.0,0.020222988,0.0,0.0,0.0,0.0,0.03180722,0.0
0.0,0.0,0.07926782,0.12572528,0.0,0.0,0.07720931,0.013731589,0.0,0.048695244,0.0,0.033854146,0.0,0.0,0.04209202,0.008053595,0.100251876,0.0,0.0,0.0,0.0,0.0,0.2845122,0.0,0.0,0.0,0.0,0.0068404954,0.0,0.0,0.0,0.0,0.0,0.0,0.0,0.0,0.0,0.0,0.0,0.0,0.0,0.02001713,0.0,0.0,0.0,0.0,0.030771473,0.0
0.0,0.0,0.07947666,0.12538242,0.0,0.0,0.07686802,0.013319979,0.0,0.047744725,0.0,0.03286956,0.0,0.0,0.041523807,0.007960247,0.1001659,0.0,0.0,0.0,0.0,0.0,0.28237954,0.0,0.0,0.0,0.0,0.006116507,0.0,0.0,0.0,0.0,0.0,0.0,0.0,0.0,0.0,0.0,0.0,0.0,0.0,0.019862818,0.0,0.0,0.0,0.0,0.031641323,0.0
0.0,0.0,0.07849024,0.12456003,0.0,0.0,0.07659942,0.013292393,0.0,0.048244704,0.0,0.032512452,0.0,0.0,0.041933287,0.007677842,0.09873751,0.0,0.0,0.0,0.0,0.0,0.28130075,0.0,0.0,0.0,0.0,0.006483084,0.0,0.0,0.0,0.0,0.0,0.0,0.0,0.0,0.0,0.0,0.0,0.0,0.0,0.02045251,0.0,0.0,0.0,0.0,0.03063601,0.0
0.0,0.0,0.078261584,0.12402949,0.0,0.0,0.07631954,0.013293873,0.0,0.0482753,0.0,0.03284984,0.0,0.0,0.042079378,0.008083004,0.09804101,0.0,0.0,0.0,0.0,0.0,0.2807253,0.0,0.0,0.0,0.0,0.006554476,0.0,0.0,0.0,0.0,0.0,0.0,0.0,0.0,0.0,0.0,0.0,0.0,0.0,0.019526891,0.0,0.0,0.0,0.0,0.031901136,0.0
0.0,0.0,0.078171134,0.12289422,0.0,0.0,0.07549287,0.01301108,0.0,0.048219766,0.0,0.033546895,0.0,0.0,0.042498335,0.0079839695,0.09767286,0.0,0.0,0.0,0.0,0.0,0.27890235,0.0,0.0,0.0,0.0,0.0066793226,0.0,0.0,0.0,0.0,0.0,0.0,0.0,0.0,0.0,0.0,0.0,0.0,0.0,0.019425185,0.0,0.0,0.0,0.0,0.031610996,0.0
0.0,0.0,0.0775904,0.12280087,0.0,0.0,0.07569868,0.013294763,0.0,0.04728254,0.0,0.032556035,0.0,0.0,0.042030104,0.007431942,0.09678537,0.0,0.0,0.0,0.0,0.0,0.27743685,0.0,0.0,0.0,0.0,0.0060992907,0.0,0.0,0.0,0.0,0.0,0.0,0.0,0.0,0.0,0.0,0.0,0.0,0.0,0.02076031,0.0,0.0,0.0,0.0,0.03085981,0.0
0.0,0.0,0.07723444,0.12192623,0.0,0.0,0.07497152,0.0125960875,0.0,0.047834802,0.0,0.032752335,0.0,0.0,0.04193252,0.007706597,0.096459374,0.0,0.0,0.0,0.0,0.0,0.27606782,0.0,0.0,0.0,0.0,0.005797956,0.0,0.0,0.0,0.0,0.0,0.0,0.0,0.0,0.0,0.0,0.0,0.0,0.0,0.021205977,0.0,0.0,0.0,0.0,0.031156106,0.0
0.0,0.0,0.076230474,0.1212897,0.0,0.0,0.07470623,0.013047497,0.0,0.04795013,0.0,0.03294901,0.0,0.0,0.04174925,0.007830748,0.09546197,0.0,0.0,0.0,0.0,0.0,0.27529487,0.0,0.0,0.0,0.0,0.0062746904,0.0,0.0,0.0,0.0,0.0,0.0,0.0,0.0,0.0,0.0,0.0,0.0,0.0,0.019999664,0.0,0.0,0.0,0.0,0.029959247,0.0
0.0,0.0,0.076120846,0.12042337,0.0,0.0,0.07409549,0.012858472,0.0,0.046829514,0.0,0.032219898,0.0,0.0,0.041681163,0.008245124,0.09454993,0.0,0.0,0.0,0.0,0.0,0.27386248,0.0,0.0,0.0,0.0,0.0061316327,0.0,0.0,0.0,0.0,0.0,0.0,0.0,0.0,0.0,0.0,0.0,0.0,0.0,0.01998291,0.0,0.0,0.0,0.0,0.030240621,0.0
0.0,0.0,0.07618541,0.12056414,0.0,0.0,0.074211285,0.012845264,0.0,0.047549445,0.0,0.03221843,0.0,0.0,0.041382216,0.007946485,0.09457797,0.0,0.0,0.0,0.0,0.0,0.27164403,0.0,0.0,0.0,0.0,0.0064009,0.0,0.0,0.0,0.0,0.0,0.0,0.0,0.0,0.0,0.0,0.0,0.0,0.0,0.019763535,0.0,0.0,0.0,0.0,0.030456431,0.0
0.0,0.0,0.07582364,0.119347356,0.0,0.0,0.0734862,0.013177199,0.0,0.04714366,0.0,0.03281943,0.0,0.0,0.04175691,0.00782765,0.09387567,0.0,0.0,0.0,0.0,0.0,0.27118295,0.0,0.0,0.0,0.0,0.006099791,0.0,0.0,0.0,0.0,0.0,0.0,0.0,0.0,0.0,0.0,0.0,0.0,0.0,0.020669946,0.0,0.0,0.0,0.0,0.030413873,0.0
0.0,0.0,0.0754689,0.11880637,0.0,0.0,0.07252337,0.012834978,0.0,0.046818703,0.0,0.032946803,0.0,0.0,0.040828224,0.0077964426,0.09317332,0.0,0.0,0.0,0.0,0.0,0.27068034,0.0,0.0,0.0,0.0,0.0061902013,0.0,0.0,0.0,0.0,0.0,0.0,0.0,0.0,0.0,0.0,0.0,0.0,0.0,0.020005383,0.0,0.0,0.0,0.0,0.029432332,0.0
0.0,0.0,0.0756739,0.11825381,0.0,0.0,0.07255161,0.012869047,0.0,0.046340194,0.0,0.032462437,0.0,0.0,0.04175737,0.0077252532,0.092802696,0.0,0.0,0.0,0.0,0.0,0.26871008,0.0,0.0,0.0,0.0,0.006314141,0.0,0.0,0.0,0.0,0.0,0.0,0.0,0.0,0.0,0.0,0.0,0.0,0.0,0.019776419,0.0,0.0,0.0,0.0,0.030512786,0.0
0.0,0.0,0.074707545,0.11737244,0.0,0.0,0.07268911,0.013140074,0.0,0.04627405,0.0,0.0317699,0.0,0.0,0.04078415,0.008110134,0.09164995,0.0,0.0,0.0,0.0,0.0,0.2671455,0.0,0.0,0.0,0.0,0.00646331,0.0,0.0,0.0,0.0,0.0,0.0,0.0,0.0,0.0,0.0,0.0,0.0,0.0,0.020059682,0.0,0.0,0.0,0.0,0.029115666,0.0
0.0,0.0,0.07468839,0.11700601,0.0,0.0,0.07165658,0.01313356,0.0,0.0470831,0.0,0.03243922,0.0,0.0,0.04041769,0.0079054115,0.091727175,0.0,0.0,0.0,0.0,0.0,0.26588216,0.0,0.0,0.0,0.0,0.006347385,0.0,0.0,0.0,0.0,0.0,0.0,0.0,0.0,0.0,0.0,0.0,0.0,0.0,0.019629749,0.0,0.0,0.0,0.0,0.029739274,0.0
0.0,0.0,0.07484336,0.11635706,0.0,0.0,0.07148924,0.01309128,0.0,0.04626754,0.0,0.032209966,0.0,0.0,0.041292205,0.0076528457,0.09080396,0.0,0.0,0.0,0.0,0.0,0.2645522,0.0,0.0,0.0,0.0,0.0065280497,0.0,0.0,0.0,0.0,0.0,0.0,0.0,0.0,0.0,0.0,0.0,0.0,0.0,0.019705353,0.0,0.0,0.0,0.0,0.028035153,0.0
0.0,0.0,0.073732756,0.11574986,0.0,0.0,0.07096645,0.013379057,0.0,0.046001956,0.0,0.032017708,0.0,0.0,0.040696047,0.0080324365,0.08979474,0.0,0.0,0.0,0.0,0.0,0.26377884,0.0,0.0,0.0,0.0,0.0066636843,0.0,0.0,0.0,0.0,0.0,0.0,0.0,0.0,0.0,0.0,0.0,0.0,0.0,0.019753523,0.0,0.0,0.0,0.0,0.029474618,0.0
0.0,0.0,0.07437155,0.114851154,0.0,0.0,0.071560234,0.013089949,0.0,0.046096686,0.0,0.032066923,0.0,0.0,0.040156998,0.00795478,0.089334704,0.0,0.0,0.0,0.0,0.0,0.26188472,0.0,0.0,0.0,0.0,0.006331426,0.0,0.0,0.0,0.0,0.0,0.0,0.0,0.0,0.0,0.0,0.0,0.0,0.0,0.018364515,0.0,0.0,0.0,0.0,0.028745264,0.0
0.0,0.0,0.07300129,0.1143638,0.0,0.0,0.07061044,0.012903567,0.0,0.045710605,0.0,0.031365797,0.0,0.0,0.04084118,0.007689247,0.088468924,0.0,0.0,0.0,0.0,0.0,0.26124516,0.0,0.0,0.0,0.0,0.006161321,0.0,0.0,0.0,0.0,0.0,0.0,0.0,0.0,0.0,0.0,0.0,0.0,0.0,0.019416226,0.0,0.0,0.0,0.0,0.028588995,0.0
0.0,0.0,0.072984785,0.11398857,0.0,0.0,0.06965384,0.01286711,0.0,0.04593663,0.0,0.031067666,0.0,0.0,0.04020306,0.007801904,0.088070124,0.0,0.0,0.0,0.0,0.0,0.26026514,0.0,0.0,0.0,0.0,0.0062511372,0.0,0.0,0.0,0.0,0.0,0.0,0.0,0.0,0.0,0.0,0.0,0.0,0.0,0.019720705,0.0,0.0,0.0,0.0,0.028686214,0.0
0.0,0.0,0.072896756,0.11285855,0.0,0.0,0.06969913,0.012478817,0.0,0.045344837,0.0,0.030756945,0.0,0.0,0.040692143,0.007856091,0.08734652,0.0,0.0,0.0,0.0,0.0,0.2592305,0.0,0.0,0.0,0.0,0.006087836,0.0,0.0,0.0,0.0,0.0,0.0,0.0,0.0,0.0,0.0,0.0,0.0,0.0,0.01978252,0.0,0.0,0.0,0.0,0.028715918,0.0
0.0,0.0,0.0723974,0.11266858,0.0,0.0,0.06978311,0.012894032,0.0,0.044945035,0.0,0.03130879,0.0,0.0,0.040812846,0.008205762,0.087332316,0.0,0.0,0.0,0.0,0.0,0.2569859,0.0,0.0,0.0,0.0,0.0063185943,0.0,0.0,0.0,0.0,0.0,0.0,0.0,0.0,0.0,0.0,0.0,0.0,0.0,0.01970934,0.0,0.0,0.0,0.0,0.028874062,0.0
0.0,0.0,0.07164722,0.11284504,0.0,0.0,0.069567755,0.012590389,0.0,0.044851664,0.0,0.031418484,0.0,0.0,0.04033726,0.0074797845,0.08623948,0.0,0.0,0.0,0.0,0.0,0.2564665,0.0,0.0,0.0,0.0,0.0068102744,0.0,0.0,0.0,0.0,0.0,0.0,0.0,0.0,0.0,0.0,0.0,0.0,0.0,0.018968618,0.0,0.0,0.0,0.0,0.029770067,0.0
0.0,0.0,0.07163725,0.11170909,0.0,0.0,0.069209546,0.012817778,0.0,0.044325627,0.0,0.03140596,0.0,0.0,0.04056921,0.007492009,0.085547455,0.0,0.0,0.0,0.0,0.0,0.2549557,0.0,0.0,0.0,0.0,0.0068320767,0.0,0.0,0.0,0.0,0.0,0.0,0.0,0.0,0.0,0.0,0.0,0.0,0.0,0.019468497,0.0,0.0,0.0,0.0,0.02901652,0.0
0.0,0.0,0.071192615,0.11130382,0.0,0.0,0.06852293,0.012679488,0.0,0.0449238,0.0,0.031200832,0.0,0.0,0.040583335,0.007867273,0.08523156,0.0,0.0,0.0,0.0,0.0,0.25353315,0.0,0.0,0.0,0.0,0.005888627,0.0,0.0,0.0,0.0,0.0,0.0,0.0,0.0,0.0,0.0,0.0,0.0,0.0,0.019377228,0.0,0.0,0.0,0.0,0.028306914,0.0
0.0,0.0,0.071407646,0.11072479,0.0,0.0,0.068574436,0.012905763,0.0,0.044793155,0.0,0.031021291,0.0,0.0,0.040269747,0.007583437,0.084379606,0.0,0.0,0.0,0.0,0.0,0.25189766,0.0,0.0,0.0,0.0,0.006340042,0.0,0.0,0.0,0.0,0.0,0.0,0.0,0.0,0.0,0.0,0.0,0.0,0.0,0.018819248,0.0,0.0,0.0,0.0,0.028659705,0.0
0.0,0.0,0.07085087,0.10980263,0.0,0.0,0.068338506,0.012456382,0.0,0.04486583,0.0,0.031181335,0.0,0.0,0.03972601,0.0071929577,0.08425447,0.0,0.0,0.0,0.0,0.0,0.25156567,0.0,0.0,0.0,0.0,0.0061717713,0.0,0.0,0.0,0.0,0.0,0.0,0.0,0.0,0.0,0.0,0.0,0.0,0.0,0.018958839,0.0,0.0,0.0,0.0,0.027988972,0.0
0.0,0.0,0.07051309,0.10950243,0.0,0.0,0.06759521,0.012619814,0.0,0.044446725,0.0,0.03050031,0.0,0.0,0.039674684,0.0076193195,0.083531834,0.0,0.0,0.0,0.0,0.0,0.25038448,0.0,0.0,0.0,0.0,0.0062200082,0.0,0.0,0.0,0.0,0.0,0.0,0.0,0.0,0.0,0.0,0.0,0.0,0.0,0.018758526,0.0,0.0,0.0,0.0,0.027898097,0.0
0.0,0.0,0.070633985,0.10882542,0.0,0.0,0.067568704,0.012283619,0.0,0.0443644,0.0,0.029958049,0.0,0.0,0.040566985,0.007586971,0.08310408,0.0,0.0,0.0,0.0,0.0,0.24869779,0.0,0.0,0.0,0.0,0.0063659633,0.0,0.0,0.0,0.0,0.0,0.0,0.0,0.0,0.0,0.0,0.0,0.0,0.0,0.019268034,0.0,0.0,0.0,0.0,0.027798522,0.0
0.0,0.0,0.07059253,0.10934154,0.0,0.0,0.06730973,0.012479185,0.0,0.04377139,0.0,0.03011253,0.0,0.0,0.03968985,0.007597916,0.08275224,0.0,0.0,0.0,0.0,0.0,0.2472498,0.0,0.0,0.0,0.0,0.006105613,0.0,0.0,0.0,0.0,0.0,0.0,0.0,0.0,0.0,0.0,0.0,0.0,0.0,0.01882073,0.0,0.0,0.0,0.0,0.027911281,0.0
0.0,0.0,0.070023894,0.10805879,0.0,0.0,0.06647344,0.011962281,0.0,0.044533204,0.0,0.03015899,0.0,0.0,0.039207973,0.0075696083,0.08217208,0.0,0.0,0.0,0.0,0.0,0.24648094,0.0,0.0,0.0,0.0,0.006069145,0.0,0.0,0.0,0.0,0.0,0.0,0.0,0.0,0.0,0.0,0.0,0.0,0.0,0.01850446,0.0,0.0,0.0,0.0,0.027625661,0.0
0.0,0.0,0.070032276,0.10688,0.0,0.0,0.067194246,0.01230999,0.0,0.044161,0.0,0.030566167,0.0,0.0,0.03948597,0.007561249,0.080943234,0.0,0.0,0.0,0.0,0.0,0.24554427,0.0,0.0,0.0,0.0,0.006124583,0.0,0.0,0.0,0.0,0.0,0.0,0.0,0.0,0.0,0.0,0.0,0.0,0.0,0.018947553,0.0,0.0,0.0,0.0,0.028793784,0.0
0.0,0.0,0.06948441,0.10708094,0.0,0.0,0.06621397,0.011879494,0.0,0.044823546,0.0,0.030785091,0.0,0.0,0.039685905,0.0076978877,0.080977894,0.0,0.0,0.0,0.0,0.0,0.24463373,0.0,0.0,0.0,0.0,0.0062308963,0.0,0.0,0.0,0.0,0.0,0.0,0.0,0.0,0.0,0.0,0.0,0.0,0.0,0.01826142,0.0,0.0,0.0,0.0,0.028634185,0.0
0.0,0.0,0.06948631,0.10678865,0.0,0.0,0.06594429,0.012413093,0.0,0.04440329,0.0,0.030037703,0.0,0.0,0.039005816,0.00785857,0.08035019,0.0,0.0,0.0,0.0,0.0,0.2440164,0.0,0.0,0.0,0.0,0.00590443,0.0,0.0,0.0,0.0,0.0,0.0,0.0,0.0,0.0,0.0,0.0,0.0,0.0,0.01866172,0.0,0.0,0.0,0.0,0.028464189,0.0
0.0,0.0,0.069208756,0.10608983,0.0,0.0,0.0665594,0.012329858,0.0,0.043651506,0.0,0.030300498,0.0,0.0,0.038910385,0.007715572,0.079389326,0.0,0.0,0.0,0.0,0.0,0.24283162,0.0,0.0,0.0,0.0,0.006300997,0.0,0.0,0.0,0.0,0.0,0.0,0.0,0.0,0.0,0.0,0.0,0.0,0.0,0.018564647,0.0,0.0,0.0,0.0,0.027240139,0.0
0.0,0.0,0.068903275,0.10537381,0.0,0.0,0.06549877,0.012109634,0.0,0.043718312,0.0,0.03015639,0.0,0.0,0.0394807,0.0075284657,0.07899132,0.0,0.0,0.0,0.0,0.0,0.24174029,0.0,0.0,0.0,0.0,0.0065800687,0.0,0.0,0.0,0.0,0.0,0.0,0.0,0.0,0.0,0.0,0.0,0.0,0.0,0.018956564,0.0,0.0,0.0,0.0,0.027395194,0.0
0.0,0.0,0.06880304,0.10488166,0.0,0.0,0.06573152,0.012131313,0.0,0.043376245,0.0,0.029717933,0.0,0.0,0.039438434,0.0075166887,0.07818229,0.0,0.0,0.0,0.0,0.0,0.24075045,0.0,0.0,0.0,0.0,0.006091321,0.0,0.0,0.0,0.0,0.0,0.0,0.0,0.0,0.0,0.0,0.0,0.0,0.0,0.017866556,0.0,0.0,0.0,0.0,0.027264882,0.0
0.0,0.0,0.068312205,0.10499435,0.0,0.0,0.06481194,0.012086221,0.0,0.04268339,0.0,0.030687451,0.0,0.0,0.039363924,0.0073385523,0.078319795,0.0,0.0,0.0,0.0,0.0,0.24013288,0.0,0.0,0.0,0.0,0.005960628,0.0,0.0,0.0,0.0,0.0,0.0,0.0,0.0,0.0,0.0,0.0,0.0,0.0,0.018990407,0.0,0.0,0.0,0.0,0.028516747,0.0
0.0,0.0,0.06882832,0.104632415,0.0,0.0,0.064484894,0.011949327,0.0,0.04301245,0.0,0.02982404,0.0,0.0,0.03970355,0.0074870926,0.07764231,0.0,0.0,0.0,0.0,0.0,0.23873763,0.0,0.0,0.0,0.0,0.0056927013,0.0,0.0,0.0,0.0,0.0,0.0,0.0,0.0,0.0,0.0,0.0,0.0,0.0,0.018595384,0.0,0.0,0.0,0.0,0.028686315,0.0
0.0,0.0,0.06799644,0.104180805,0.0,0.0,0.064152345,0.012377726,0.0,0.043208756,0.0,0.030272854,0.0,0.0,0.03891524,0.0077200276,0.07733853,0.0,0.0,0.0,0.0,0.0,0.23700728,0.0,0.0,0.0,0.0,0.005863338,0.0,0.0,0.0,0.0,0.0,0.0,0.0,0.0,0.0,0.0,0.0,0.0,0.0,0.018961268,0.0,0.0,0.0,0.0,0.026575265,0.0
0.0,0.0,0.06756187,0.10424369,0.0,0.0,0.06478805,0.011893769,0.0,0.043369688,0.0,0.029864479,0.0,0.0,0.03957772,0.0075677554,0.076834574,0.0,0.0,0.0,0.0,0.0,0.23611355,0.0,0.0,0.0,0.0,0.00600332,0.0,0.0,0.0,0.0,0.0,0.0,0.0,0.0,0.0,0.0,0.0,0.0,0.0,0.018910777,0.0,0.0,0.0,0.0,0.027256558,0.0
0.0,0.0,0.0678913,0.10342696,0.0,0.0,0.063909024,0.012571438,0.0,0.042916246,0.0,0.02966773,0.0,0.0,0.038791366,0.007545726,0.07610532,0.0,0.0,0.0,0.0,0.0,0.23573363,0.0,0.0,0.0,0.0,0.0062359655,0.0,0.0,0.0,0.0,0.0,0.0,0.0,0.0,0.0,0.0,0.0,0.0,0.0,0.019053861,0.0,0.0,0.0,0.0,0.027237102,0.0
0.0,0.0,0.06747319,0.10275768,0.0,0.0,0.06296788,0.01207124,0.0,0.043066345,0.0,0.029607885,0.0,0.0,0.03918818,0.0075467667,0.07579819,0.0,0.0,0.0,0.0,0.0,0.23473604,0.0,0.0,0.0,0.0,0.006111989,0.0,0.0,0.0,0.0,0.0,0.0,0.0,0.0,0.0,0.0,0.0,0.0,0.0,0.018902002,0.0,0.0,0.0,0.0,0.0271673,0.0
0.0,0.0,0.0673627,0.102942556,0.0,0.0,0.063544184,0.012323902,0.0,0.042680386,0.0,0.029370686,0.0,0.0,0.0392997,0.007394179,0.07520355,0.0,0.0,0.0,0.0,0.0,0.23325513,0.0,0.0,0.0,0.0,0.0066677006,0.0,0.0,0.0,0.0,0.0,0.0,0.0,0.0,0.0,0.0,0.0,0.0,0.0,0.018830094,0.0,0.0,0.0,0.0,0.027161933,0.0
0.0,0.0,0.06740248,0.10212626,0.0,0.0,0.06341287,0.012545003,0.0,0.042355873,0.0,0.029485514,0.0,0.0,0.03906307,0.0077609564,0.07499668,0.0,0.0,0.0,0.0,0.0,0.23268536,0.0,0.0,0.0,0.0,0.0062905126,0.0,0.0,0.0,0.0,0.0,0.0,0.0,0.0,0.0,0.0,0.0,0.0,0.0,0.018102296,0.0,0.0,0.0,0.0,0.026497519,0.0
0.0,0.0,0.06666191,0.10137781,0.0,0.0,0.062418394,0.01191848,0.0,0.04319546,0.0,0.029316608,0.0,0.0,0.03858932,0.007595571,0.07420399,0.0,0.0,0.0,0.0,0.0,0.23249322,0.0,0.0,0.0,0.0,0.0059548235,0.0,0.0,0.0,0.0,0.0,0.0,0.0,0.0,0.0,0.0,0.0,0.0,0.0,0.018190397,0.0,0.0,0.0,0.0,0.02698989,0.0
0.0,0.0,0.06648285,0.10106697,0.0,0.0,0.062925376,0.012232038,0.0,0.04249985,0.0,0.029387286,0.0,0.0,0.039230883,0.0073337997,0.07351072,0.0,0.0,0.0,0.0,0.0,0.23068936,0.0,0.0,0.0,0.0,0.0062906127,0.0,0.0,0.0,0.0,0.0,0.0,0.0,0.0,0.0,0.0,0.0,0.0,0.0,0.017388493,0.0,0.0,0.0,0.0,0.027520722,0.0
0.0,0.0,0.0663198,0.10103466,0.0,0.0,0.06216914,0.012243898,0.0,0.042391583,0.0,0.029534103,0.0,0.0,0.03898069,0.0073254732,0.07326594,0.0,0.0,0.0,0.0,0.0,0.22913708,0.0,0.0,0.0,0.0,0.005798321,0.0,0.0,0.0,0.0,0.0,0.0,0.0,0.0,0.0,0.0,0.0,0.0,0.0,0.018418875,0.0,0.0,0.0,0.0,0.026699306,0.0
0.0,0.0,0.065895416,0.10086263,0.0,0.0,0.06251399,0.012151149,0.0,0.043029778,0.0,0.029081814,0.0,0.0,0.038732506,0.0073749265,0.072790205,0.0,0.0,0.0,0.0,0.0,0.22834748,0.0,0.0,0.0,0.0,0.0060813213,0.0,0.0,0.0,0.0,0.0,0.0,0.0,0.0,0.0,0.0,0.0,0.0,0.0,0.018513069,0.0,0.0,0.0,0.0,0.027455054,0.0
0.0,0.0,0.06566887,0.10035309,0.0,0.0,0.06183072,0.012192407,0.0,0.041768197,0.0,0.029017823,0.0,0.0,0.03849251,0.007301864,0.072086714,0.0,0.0,0.0,0.0,0.0,0.22785917,0.0,0.0,0.0,0.0,0.006026184,0.0,0.0,0.0,0.0,0.0,0.0,0.0,0.0,0.0,0.0,0.0,0.0,0.0,0.018542815,0.0,0.0,0.0,0.0,0.026493348,0.0
0.0,0.0,0.06542968,0.09966816,0.0,0.0,0.06184219,0.011705666,0.0,0.042903394,0.0,0.029753555,0.0,0.0,0.037914637,0.0077001923,0.071705565,0.0,0.0,0.0,0.0,0.0,0.22642091,0.0,0.0,0.0,0.0,0.0061419434,0.0,0.0,0.0,0.0,0.0,0.0,0.0,0.0,0.0,0.0,0.0,0.0,0.0,0.018186124,0.0,0.0,0.0,0.0,0.026561683,0.0
0.0,0.0,0.065487444,0.0994716,0.0,0.0,0.061475515,0.011677617,0.0,0.042118154,0.0,0.029126456,0.0,0.0,0.038222104,0.0074779685,0.07125884,0.0,0.0,0.0,0.0,0.0,0.22560179,0.0,0.0,0.0,0.0,0.0058940426,0.0,0.0,0.0,0.0,0.0,0.0,0.0,0.0,0.0,0.0,0.0,0.0,0.0,0.018269526,0.0,0.0,0.0,0.0,0.026625017,0.0
0.0,0.0,0.06507797,0.09917278,0.0,0.0,0.061083596,0.011660039,0.0,0.04182225,0.0,0.029200474,0.0,0.0,0.037734807,0.0071086306,0.07078392,0.0,0.0,0.0,0.0,0.0,0.22452739,0.0,0.0,0.0,0.0,0.006070277,0.0,0.0,0.0,0.0,0.0,0.0,0.0,0.0,0.0,0.0,0.0,0.0,0.0,0.018028958,0.0,0.0,0.0,0.0,0.025462417,0.0
