epoch,train_standardized_mse,validation_standardized_mse,selection_objective,validation_r2,n_active_at_0_01
1,0.7429962511002901,0.3318209648132324,0.3318209648132324,0.6680134896519292,7
2,0.23339752670651376,0.20904868841171265,0.20904868841171265,0.7908470114027492,7
3,0.18166826371159273,0.17567087709903717,0.17567087709903717,0.8242414792959695,7
4,0.15744173708423323,0.15935775637626648,0.15935775637626648,0.8405627384102936,7
5,0.13573182264504083,0.13918179273605347,0.13918179273605347,0.860748769523674,7
6,0.11637487158266538,0.11012964695692062,0.11012964695692062,0.8898153995332647,7
7,0.09883168835202613,0.07931137830018997,0.07931137830018997,0.9206490539455672,7
8,0.08929351747045675,0.0751265436410904,0.0751265436410904,0.9248359764386096,7
9,0.07974792648001987,0.06134145334362984,0.06134145334362984,0.9386279423864121,7
10,0.07184329259217818,0.060662683099508286,0.060662683099508286,0.9393070500201943,7
11,0.06615751068408933,0.0563349723815918,0.0563349723815918,0.9436369234762108,7
12,0.06286283255986162,0.04438627138733864,0.04438627138733864,0.9555915853554937,7
13,0.05738357702381036,0.0456693172454834,0.0456693172454834,0.9543078983063762,7
14,0.05655194012231267,0.043025337159633636,0.043025337159633636,0.956953204312671,7
15,0.05148330691260911,0.03787704557180405,0.03787704557180405,0.9621040567848664,7
16,0.049800602222623745,0.03545846790075302,0.03545846790075302,0.9645238393380201,7
17,0.04785291028373239,0.036062851548194885,0.036062851548194885,0.9639191573509229,7
18,0.04553491421796445,0.03513255715370178,0.03513255715370178,0.9648499145723435,7
19,0.04568333042544363,0.03748234733939171,0.03748234733939171,0.9624989529316497,7
20,0.060016894851045936,0.04135069251060486,0.04135069251060486,0.9586286789390381,7
21,0.046418062448589446,0.030524566769599915,0.030524566769599915,0.9694602049471555,7
22,0.04169403705992854,0.03318912163376808,0.03318912163376808,0.9667943200519629,7
23,0.04196988454387901,0.03017599694430828,0.03017599694430828,0.9698089470127735,7
24,0.0417908940690878,0.032580893486738205,0.032580893486738205,0.9674028508727068,7
25,0.0387975463473478,0.030070630833506584,0.030070630833506584,0.9699143673955896,7
26,0.039300107559207834,0.027142750099301338,0.027142750099301338,0.9728437085539516,7
27,0.03865701080967655,0.02927466481924057,0.02927466481924057,0.9707107296603605,7
28,0.03831763789567853,0.029373520985245705,0.029373520985245705,0.9706118254210234,7
29,0.039136890376845,0.030278973281383514,0.030278973281383514,0.9697059208763401,7
30,0.036070119688940576,0.038004033267498016,0.038004033267498016,0.9619770109727471,7
31,0.04313533226901844,0.03147926926612854,0.03147926926612854,0.9685050253268896,7
32,0.03612630332716502,0.027717091143131256,0.027717091143131256,0.9722690815940576,7
33,0.03741150074905038,0.030287398025393486,0.030287398025393486,0.9696974925854944,7
34,0.03584824292261575,0.032904814928770065,0.032904814928770065,0.9670787678863966,7
35,0.034849875455718576,0.030362309888005257,0.030362309888005257,0.9696225450057024,7
36,0.0360080487095274,0.03324152156710625,0.03324152156710625,0.9667418961064707,7
37,0.03349753594930025,0.03648005798459053,0.03648005798459053,0.9635017417914713,7
38,0.0332208953241739,0.03180905804038048,0.03180905804038048,0.9681750696519734,7
39,0.03252335117703271,0.03474884107708931,0.03474884107708931,0.965233819039954,7
40,0.0337749071059162,0.02731468714773655,0.02731468714773655,0.9726716841214225,7
41,0.030902245041287746,0.027980957180261612,0.027980957180261612,0.9720050865484197,7
42,0.02962661121563126,0.03039689175784588,0.03039689175784588,0.9695879453710328,7
43,0.030780753378908433,0.039057016372680664,0.039057016372680664,0.9609234966049128,7
44,0.055805028816663875,0.03644754737615585,0.03644754737615585,0.963534271521195,7
45,0.03662318323566787,0.027665134519338608,0.027665134519338608,0.9723210620226456,7
46,0.03044337832878502,0.030673518776893616,0.030673518776893616,0.9693111760367904,7
47,0.029961619579650038,0.026951905339956284,0.026951905339956284,0.9730346474851064,7
48,0.02900983705860593,0.031784623861312866,0.031784623861312866,0.9681995191547437,7
49,0.029463460104852502,0.032227858901023865,0.032227858901023865,0.9677560652701744,7
50,0.027130917708402185,0.032264649868011475,0.032264649868011475,0.9677192556680988,7
51,0.034620759659068065,0.02833409607410431,0.02833409607410431,0.9716517674640258,7
52,0.027912810597944128,0.02940237708389759,0.02940237708389759,0.9705829531725435,7
53,0.02645083913420828,0.036287155002355576,0.036287155002355576,0.9636947377358265,7
54,0.027488083161156755,0.03611249104142189,0.03611249104142189,0.9638694953862079,7
55,0.06269874239219843,0.040487125515937805,0.040487125515937805,0.959492674265469,7
56,0.03236257474681347,0.03600423038005829,0.03600423038005829,0.9639778122613007,7
57,0.030066821412006107,0.027846191078424454,0.027846191078424454,0.9721399181031838,7
58,0.028197217400871,0.031804218888282776,0.031804218888282776,0.9681799161504001,7
59,0.02684518888216434,0.031104573979973793,0.031104573979973793,0.9688799051963157,7
60,0.026059393878243305,0.03231867775321007,0.03231867775321007,0.9676651983324662,7
61,0.026233904921857516,0.03180496394634247,0.03180496394634247,0.9681791691126839,7
62,0.025972549933982587,0.028504597023129463,0.028504597023129463,0.9714811806653255,7
63,0.02580237602506005,0.03284132480621338,0.03284132480621338,0.9671422884628491,7
64,0.026126125949025854,0.030103234574198723,0.030103234574198723,0.9698817483117596,7
65,0.02525854637639121,0.030558176338672638,0.030558176338672638,0.9694265785570796,7
66,0.0339112781438237,0.03452262282371521,0.03452262282371521,0.965460153661112,7
67,0.028886752400641792,0.030703376978635788,0.030703376978635788,0.9692813049156339,7
68,0.033922738280844446,0.027462514117360115,0.027462514117360115,0.9725237849761458,7
69,0.027455678759586603,0.028136298060417175,0.028136298060417175,0.9718496616753342,7
70,0.024222380858324906,0.03727145120501518,0.03727145120501518,0.9627099526815861,7
71,0.024602186266228645,0.027831383049488068,0.027831383049488068,0.972154731576728,7
72,0.0248244670024684,0.028854157775640488,0.028854157775640488,0.9711314471275658,7
73,0.024872996891065115,0.03143850341439247,0.03143850341439247,0.9685458120306795,7
74,0.023969509805175163,0.029593197628855705,0.029593197628855705,0.9703920384475724,7
75,0.02382593069521852,0.027538172900676727,0.027538172900676727,0.9724480859198632,7
76,0.023044549163461832,0.03207838535308838,0.03207838535308838,0.9679056072479316,7
77,0.023373260621766746,0.028627047315239906,0.028627047315239906,0.9713586693562472,7
