area_1_load_actual_mw,area_2_load_actual_mw,area_3_load_actual_mw,system_load_actual_mw,area_1_load_day_ahead_mw,area_2_load_day_ahead_mw,area_3_load_day_ahead_mw,system_load_day_ahead_mw,system_losses_mw,area_1_net_export_mw,area_2_net_export_mw,area_3_net_export_mw,reserve_reg_up_mw,reserve_reg_down_mw,reserve_spin_r1_mw,reserve_spin_r2_mw,reserve_spin_r3_mw,gen_fuel_coal_mw,gen_fuel_natural_gas_mw,gen_fuel_nuclear_mw,gen_fuel_hydro_mw,gen_fuel_solar_mw
0.5,0.5,0.5,0.5,0.5,0.5,0.5,0.5,0.5,0.5,0.5,0.5,0.5,0.5,0.5,0.5,0.5,0.5,0.5,0.5,0.5,0.5
0.4551215,0.44152725,0.48443836,0.4640626,0.4658684,0.4570993,0.42651844,0.4585574,0.59055173,0.55337775,0.5845128,0.51494086,0.52666694,0.5687964,0.4464969,0.40499556,0.4409189,0.52006125,0.593873,0.5174674,0.5515519,0.5981814
0.4255303,0.41875038,0.47257575,0.43607864,0.44635895,0.44170642,0.39412984,0.41903573,0.6478407,0.56040853,0.59820956,0.5309488,0.56171304,0.5952727,0.40297753,0.37649724,0.42724022,0.54475945,0.65146005,0.515689,0.59841746,0.6476838
0.3929895,0.3940824,0.4598743,0.40012953,0.41485697,0.42486843,0.37912035,0.37422708,0.7040006,0.57236665,0.60731214,0.54500943,0.6067218,0.62176424,0.3647098,0.33534247,0.4127318,0.5764065,0.69893765,0.5352189,0.6377167,0.7116444
0.37367514,0.3510768,0.45685747,0.36178812,0.36554882,0.4014829,0.3459206,0.35390708,0.7565567,0.5792024,0.6231545,0.6014355,0.63768584,0.65626454,0.31984553,0.29368582,0.41083425,0.6041739,0.7470736,0.54884696,0.66905224,0.78108007
0.33616844,0.32275146,0.4455714,0.33016318,0.3375709,0.37956032,0.32449976,0.32149208,0.8119592,0.58796644,0.63595575,0.6497896,0.67638856,0.69359666,0.27664664,0.26049402,0.3887214,0.62806445,0.81422,0.5644801,0.69993675,0.8387191
0.31230485,0.29773232,0.4396686,0.28049272,0.29741922,0.35029554,0.2806709,0.2758653,0.8456841,0.5991249,0.64721614,0.6921992,0.7039965,0.7117183,0.23680471,0.22236954,0.3585658,0.65156883,0.8666975,0.5814552,0.7555372,0.9028775
0.26795626,0.27666867,0.44382033,0.22890836,0.26226673,0.324751,0.23549783,0.23688407,0.88812053,0.5944924,0.65582865,0.74841326,0.72990644,0.7485206,0.18640365,0.18488747,0.34055325,0.6668489,0.9290028,0.5873139,0.7878857,0.95423025
0.2274747,0.23379485,0.43048283,0.17369261,0.23032036,0.2963894,0.21559216,0.2093105,0.9257703,0.59427494,0.6673825,0.79886305,0.75488734,0.7721551,0.13730998,0.14715967,0.30960104,0.6779295,0.97400457,0.59812987,0.81614846,1.0051903
0.19233191,0.19242771,0.41820812,0.13078374,0.19064271,0.26270825,0.18502904,0.15695143,0.9557063,0.58521664,0.6730988,0.8353414,0.78618777,0.80508995,0.0856721,0.10303244,0.2783394,0.70421094,1.0258895,0.5956468,0.8482703,1.0439576
0.15551876,0.15634127,0.3968772,0.080207154,0.14585833,0.23474848,0.14934175,0.09604579,1.0037434,0.5742079,0.6911972,0.8814816,0.807816,0.8276842,0.016697062,0.062173743,0.25151584,0.7330516,1.0702369,0.6057922,0.8658202,1.085371
0.12017207,0.11663449,0.37031296,0.029916124,0.09933822,0.18287317,0.10577909,0.040421844,1.0465727,0.5721599,0.70287484,0.94684815,0.8390588,0.8680548,-0.06043607,0.02338402,0.20817527,0.7511163,1.113327,0.6166178,0.89985144,1.135667
0.07557234,0.09398201,0.37098497,-0.012947294,0.06534352,0.15125917,0.06023509,0.0053246995,1.0841652,0.5753935,0.7238254,0.97176343,0.8569807,0.8894298,-0.12409263,-0.0075964606,0.1809609,0.7525803,1.1754216,0.62385017,0.93874943,1.1705494
0.020771494,0.07302314,0.35213172,-0.0704945,0.021364186,0.109575324,0.026349004,-0.026423011,1.1204975,0.559012,0.7247621,1.0360966,0.8696312,0.91467357,-0.19775218,-0.048733555,0.15301238,0.7693908,1.2154207,0.6283464,0.9678156,1.2051891
-0.035888635,0.0321293,0.34137055,-0.12840568,-0.008604161,0.09229034,-0.022299625,-0.07213627,1.1572955,0.54314506,0.74116826,1.0800693,0.890197,0.9447326,-0.25470784,-0.08348802,0.1261783,0.7761182,1.2533029,0.64077294,1.0017546,1.2347736
-0.0816476,-0.010629381,0.32721972,-0.18195575,-0.04502212,0.052561227,-0.050893113,-0.10927736,1.1820338,0.522411,0.7755389,1.1178355,0.9132095,0.965506,-0.30639493,-0.123572305,0.086391054,0.78137714,1.283222,0.6395167,1.0311829,1.2743888
-0.12883559,-0.0651458,0.3240798,-0.2497936,-0.090346195,0.016263563,-0.09135197,-0.15175919,1.2125992,0.50249255,0.8032174,1.1697537,0.9368899,0.98297954,-0.36170125,-0.17608614,0.06820871,0.7912983,1.313846,0.62992346,1.0613209,1.3062384
-0.17961901,-0.10868121,0.32185504,-0.31144768,-0.12378526,-0.011673083,-0.13059053,-0.20944625,1.2496474,0.4766634,0.8285811,1.2022666,0.95811087,0.99382925,-0.40678796,-0.21011147,0.045960166,0.8026294,1.3473793,0.62340397,1.0872982,1.3362483
-0.22958893,-0.15630737,0.31551194,-0.3711141,-0.17220347,-0.04821439,-0.16957189,-0.24622932,1.2749364,0.46116447,0.86939484,1.2341334,0.9835241,1.0114492,-0.4526102,-0.25542572,0.010986677,0.80637604,1.3801806,0.61263645,1.1317456,1.3620687
-0.27647337,-0.20888583,0.3255431,-0.43196115,-0.22144064,-0.07337941,-0.20975114,-0.29086727,1.3198235,0.43259928,0.89284563,1.2561169,0.9982295,1.0352517,-0.5052739,-0.3018676,0.0036589166,0.80778855,1.4205279,0.61040235,1.1511241,1.3933032
-0.33010286,-0.25570711,0.30552834,-0.48168316,-0.27300057,-0.118123315,-0.25361663,-0.33051896,1.3449996,0.4091033,0.93594253,1.2887938,1.0093136,1.0603952,-0.5480862,-0.3368244,-0.0282747,0.81343573,1.4441038,0.6059036,1.1844497,1.4111824
-0.3797869,-0.30253106,0.30243677,-0.52169985,-0.31083116,-0.15018678,-0.2957436,-0.37723342,1.3702664,0.3931221,0.96586525,1.3114281,1.0338331,1.0922145,-0.58443755,-0.37702915,-0.061370734,0.83092636,1.504655,0.6164992,1.2235484,1.4375468
-0.43630776,-0.34682637,0.30692136,-0.564338,-0.34328175,-0.17804,-0.33786264,-0.40739557,1.3940991,0.36742914,0.98616004,1.3456055,1.0533664,1.1097698,-0.63682973,-0.41946048,-0.1005549,0.83331335,1.530764,0.6074686,1.2473403,1.4576077
-0.47305885,-0.38854277,0.3084344,-0.61209285,-0.38702124,-0.21046913,-0.3838209,-0.43452445,1.4248987,0.32665753,1.031912,1.3745189,1.0705936,1.1227187,-0.67798173,-0.46113992,-0.133387,0.8352128,1.559628,0.6058106,1.2666308,1.4675252
-0.52114296,-0.43933633,0.28649008,-0.65343624,-0.4283896,-0.2539207,-0.43051687,-0.47535923,1.435382,0.29822576,1.0628023,1.3925345,1.082199,1.1355004,-0.7157732,-0.4913502,-0.1688507,0.84050983,1.5790098,0.6082944,1.3045536,1.4813882
-0.5719498,-0.4804258,0.27829692,-0.6963673,-0.46860814,-0.2876966,-0.46167275,-0.5207244,1.4768296,0.2656967,1.0864993,1.4100786,1.1055717,1.1563088,-0.7488789,-0.53197414,-0.19715409,0.84479386,1.5969392,0.60549307,1.3348321,1.497413
-0.6096689,-0.52667415,0.28814834,-0.7371274,-0.51680213,-0.3277143,-0.50166684,-0.55461794,1.5089605,0.21478917,1.1385875,1.438229,1.1256251,1.1792443,-0.7764374,-0.56638837,-0.22849898,0.84541076,1.6176791,0.6076,1.3628045,1.5167795
-0.6502411,-0.57171226,0.28781706,-0.7759507,-0.5656783,-0.35120198,-0.5325153,-0.5846105,1.5277989,0.16680782,1.1703027,1.457159,1.1397927,1.2088397,-0.7963863,-0.6015779,-0.27106512,0.8478472,1.6414539,0.5957815,1.3890857,1.5250331
-0.6803807,-0.61526465,0.28301066,-0.8098131,-0.59993166,-0.3861444,-0.56090707,-0.62040806,1.5420597,0.10898152,1.2011607,1.4765011,1.1664263,1.2241157,-0.8261489,-0.6305327,-0.3062492,0.8503287,1.6632212,0.5821738,1.4087137,1.5330846
-0.70544124,-0.6520974,0.31018615,-0.84556174,-0.64880747,-0.41277134,-0.59824246,-0.6663339,1.5744556,0.055452455,1.2301185,1.4846704,1.2015313,1.2472419,-0.85545087,-0.6682263,-0.34146369,0.8717933,1.6888509,0.58115035,1.4340857,1.5432217
-0.72852266,-0.6840211,0.31179923,-0.8757418,-0.6779136,-0.45000893,-0.62987304,-0.69956225,1.6120136,0.0055442317,1.2576246,1.5138826,1.2302516,1.2613047,-0.884065,-0.70106274,-0.37041545,0.88461274,1.6986856,0.5731016,1.4563502,1.5674073
-0.76693165,-0.72237456,0.3081503,-0.90251535,-0.7130087,-0.48748675,-0.6596041,-0.7288597,1.6321293,-0.05983362,1.2918093,1.546198,1.2455593,1.2858124,-0.911763,-0.72719854,-0.40478104,0.89845073,1.7081895,0.56582594,1.4826958,1.5913031
-0.80066645,-0.7544722,0.30588168,-0.93000835,-0.7449797,-0.51448876,-0.68753684,-0.75247985,1.6607071,-0.12508722,1.329636,1.5553632,1.2789975,1.308632,-0.9403784,-0.75577927,-0.4363108,0.9172556,1.7140719,0.5583449,1.5050714,1.612225
-0.83369386,-0.7904466,0.31128573,-0.95764035,-0.77086043,-0.5493015,-0.7285381,-0.77952623,1.6764286,-0.19032876,1.3570389,1.5695959,1.2873986,1.3223668,-0.9626172,-0.79129994,-0.46605948,0.93979216,1.7338799,0.5547808,1.5288196,1.6290679
-0.8632855,-0.826079,0.31732962,-0.9842487,-0.8004205,-0.5876205,-0.7501889,-0.8115686,1.7003748,-0.25031936,1.3861754,1.5871551,1.3131548,1.3429329,-0.985113,-0.80859447,-0.49628347,0.9619968,1.748419,0.54582685,1.547923,1.6540812
-0.88710815,-0.85002464,0.318778,-1.0116855,-0.8308227,-0.6229529,-0.78212476,-0.8364889,1.7128243,-0.31587112,1.393494,1.599717,1.3353168,1.3642788,-1.0108289,-0.819882,-0.534315,0.9854119,1.7649348,0.523763,1.5902627,1.6681926
-0.91042674,-0.8778413,0.3233924,-1.0340681,-0.8529262,-0.6553846,-0.8045668,-0.8593843,1.7257118,-0.37525675,1.4329433,1.6314415,1.3583797,1.3894438,-1.0256827,-0.84142077,-0.5635499,1.005721,1.7856894,0.5070549,1.6118532,1.6912055
-0.94264585,-0.9079243,0.32109398,-1.0548362,-0.87690806,-0.6817,-0.8226817,-0.88397014,1.7372048,-0.4301497,1.4566998,1.6523656,1.3910758,1.4296523,-1.0544088,-0.87113696,-0.59632194,1.0136878,1.7926365,0.4874912,1.6194005,1.7127801
-0.96546227,-0.9305827,0.32402596,-1.076154,-0.89856744,-0.7186473,-0.84863865,-0.9093728,1.7510434,-0.48354658,1.4756614,1.6737912,1.414054,1.4412405,-1.0880903,-0.88452494,-0.6205989,1.0415305,1.807782,0.4598446,1.6315105,1.7256752
-0.98309326,-0.9505909,0.32733804,-1.1033746,-0.9270894,-0.757905,-0.8740616,-0.9330939,1.7685585,-0.5318931,1.4843751,1.7055308,1.4282085,1.4541448,-1.1130477,-0.90357274,-0.63935816,1.0831374,1.8148106,0.43145683,1.6475385,1.7381896
-1.0072848,-0.9829822,0.3388898,-1.1241918,-0.9468871,-0.7870255,-0.9138767,-0.953669,1.7737578,-0.5761305,1.509691,1.718443,1.4415557,1.4661098,-1.1310793,-0.929855,-0.66152894,1.1160004,1.8198014,0.4165477,1.6739037,1.7476052
-1.0232491,-1.0027027,0.33406663,-1.1417044,-0.9693575,-0.8108266,-0.93922794,-0.97789526,1.7801361,-0.6230546,1.5421544,1.7244036,1.448907,1.4861684,-1.1465173,-0.9485369,-0.69174266,1.124086,1.8411171,0.39132446,1.7077708,1.7690927
-1.050918,-1.0282601,0.3304314,-1.1622181,-0.9891309,-0.84299946,-0.9527824,-0.98201126,1.8141086,-0.6511483,1.5542417,1.7303663,1.481895,1.508186,-1.1631391,-0.9746945,-0.7107096,1.1491605,1.8630791,0.36517853,1.7216904,1.8037196
-1.0771006,-1.0483925,0.31416646,-1.1813548,-1.0081317,-0.86174226,-0.97148025,-1.0117185,1.8245857,-0.69578785,1.5778934,1.7344728,1.5066447,1.5177227,-1.179644,-0.9960727,-0.7307948,1.1890249,1.8815321,0.34464276,1.730772,1.8170081
-1.0924969,-1.0723505,0.31341466,-1.2001106,-1.0300676,-0.88791,-0.9955766,-1.0335974,1.8409557,-0.7395971,1.5879809,1.7365311,1.5354527,1.5293556,-1.2083608,-1.0091465,-0.7557092,1.2217698,1.8999252,0.29368824,1.7419287,1.8406739
-1.1116365,-1.0883979,0.32125977,-1.218251,-1.0486362,-0.9094189,-1.0157102,-1.0550255,1.8450922,-0.77874106,1.6051296,1.7577263,1.5566709,1.5620127,-1.222788,-1.0295542,-0.79423106,1.2449167,1.9034237,0.25317323,1.7599913,1.8462588
-1.124355,-1.109076,0.31663302,-1.2363085,-1.0665287,-0.93809944,-1.0408095,-1.0777774,1.8637856,-0.81007653,1.6206146,1.781462,1.583816,1.5665253,-1.2371701,-1.0570629,-0.8140151,1.2768465,1.9032142,0.21607126,1.7714541,1.8504022
-1.1484816,-1.1298717,0.30095235,-1.2427846,-1.0890694,-0.9533282,-1.059414,-1.1041564,1.8785496,-0.8356785,1.6539297,1.7886305,1.5998316,1.5851873,-1.2515343,-1.0810925,-0.82473636,1.3087437,1.912607,0.16513869,1.7948453,1.8532507
-1.1669183,-1.1515018,0.29239085,-1.2567335,-1.1084098,-0.97837555,-1.0752627,-1.1254721,1.8881013,-0.8752469,1.6807222,1.7950824,1.6087267,1.5955783,-1.2628955,-1.1059324,-0.8518181,1.3340188,1.9330356,0.10221329,1.8036184,1.860362
-1.1826612,-1.177463,0.28801456,-1.2723359,-1.1274481,-0.99993724,-1.0907376,-1.1354209,1.8910403,-0.90100694,1.6979734,1.8040093,1.6187674,1.6178735,-1.2835009,-1.1238005,-0.8784555,1.3516352,1.9505134,0.054642625,1.8403386,1.8866652
-1.2074908,-1.195122,0.28943017,-1.281686,-1.1433055,-1.0239689,-1.1025484,-1.1603858,1.9103987,-0.9301477,1.7157046,1.8171918,1.6323571,1.6387408,-1.2974441,-1.1409172,-0.8888313,1.3849652,1.9782817,0.0013742637,1.842807,1.8905096
-1.2244132,-1.2133139,0.28975546,-1.2958411,-1.1747981,-1.0515039,-1.1211087,-1.175499,1.9214816,-0.9567876,1.7443141,1.8289756,1.6442068,1.6555876,-1.3107537,-1.1606824,-0.9148371,1.4033774,1.9781113,-0.057404228,1.8548925,1.9001881
-1.2346797,-1.2302784,0.28017336,-1.3042163,-1.1884868,-1.0667422,-1.1397686,-1.1854692,1.9282397,-0.9874098,1.7588793,1.8285835,1.6556444,1.6882793,-1.3236778,-1.1536479,-0.93500465,1.4280515,1.9785799,-0.120357126,1.8682728,1.9156082
-1.2571355,-1.2426744,0.2664324,-1.316774,-1.202124,-1.0853132,-1.150646,-1.2004637,1.9504559,-1.0092005,1.7800244,1.8431188,1.6678536,1.6977075,-1.3366213,-1.1678691,-0.9611671,1.4472542,1.9806954,-0.18193081,1.8820585,1.9333465
-1.2755522,-1.2586969,0.2678607,-1.3293835,-1.2232596,-1.1050242,-1.1676649,-1.2131538,1.9564416,-1.0321393,1.7986641,1.8599672,1.6797274,1.7202863,-1.3529992,-1.1825824,-0.98931503,1.48528,1.9909043,-0.25386173,1.8924178,1.9332637
-1.2894336,-1.2655087,0.26977116,-1.3420306,-1.2366363,-1.1232003,-1.1845225,-1.2284844,1.9666688,-1.0583303,1.8114333,1.882533,1.699959,1.7364656,-1.365637,-1.1936857,-1.0025723,1.5166972,1.9989331,-0.3217504,1.9182082,1.9450763
-1.311219,-1.2851667,0.25752875,-1.3547032,-1.2390956,-1.142245,-1.2012146,-1.2433679,1.9667331,-1.0774269,1.8190644,1.9025359,1.7090771,1.7592034,-1.3782897,-1.2050942,-1.0298092,1.5505441,2.0111341,-0.36767513,1.9402282,1.9671642
-1.3239957,-1.2992251,0.2497155,-1.3673936,-1.2514815,-1.1599959,-1.2177373,-1.2583671,1.9823065,-1.097001,1.8286748,1.9056793,1.7296964,1.7765148,-1.3909465,-1.2313341,-1.0476164,1.5724603,2.0169404,-0.42969978,1.9569454,1.9744314
-1.3413175,-1.3141385,0.24534804,-1.3800886,-1.2642138,-1.1684049,-1.2340887,-1.2734686,1.9896995,-1.129,1.8447808,1.9237446,1.7539842,1.7868533,-1.4035962,-1.2448558,-1.0649103,1.5895203,2.0432198,-0.48966977,1.9688643,1.9768671
-1.3537475,-1.3234086,0.2405957,-1.392779,-1.2805837,-1.1859413,-1.2501574,-1.2833809,1.9944912,-1.147239,1.8639339,1.924667,1.7647743,1.8072522,-1.4162332,-1.2726867,-1.0833383,1.6077892,2.045135,-0.5466755,1.9810488,1.9776198
-1.3661703,-1.3423824,0.2501118,-1.4054571,-1.2949319,-1.2026303,-1.2681531,-1.2982758,2.0195491,-1.1598765,1.8723752,1.936654,1.7938058,1.8078668,-1.4288503,-1.2882729,-1.0949856,1.6223545,2.0565014,-0.5983882,1.9884022,1.9896817
-1.388175,-1.3567629,0.2537896,-1.4181008,-1.309812,-1.2197789,-1.2837923,-1.313213,2.0328,-1.1746624,1.8700681,1.9454768,1.7863317,1.8139293,-1.441158,-1.3104799,-1.1121236,1.6667726,2.0607758,-0.64080036,1.9997011,2.0088208
-1.4056882,-1.3586452,0.22464897,-1.430752,-1.3214381,-1.2441407,-1.2918313,-1.3280264,2.052794,-1.1793487,1.8753462,1.953912,1.7941316,1.8237783,-1.4537385,-1.3207281,-1.1408213,1.6948738,2.0732691,-0.6813701,2.0107074,2.0182562
-1.41528,-1.3832661,0.22336361,-1.457763,-1.3329993,-1.2597663,-1.3073177,-1.3427131,2.0513391,-1.1977277,1.8738191,1.9759638,1.8210173,1.832029,-1.4662806,-1.331138,-1.1567988,1.7192833,2.0714653,-0.72257406,2.0223467,2.0316548
-1.4198744,-1.397787,0.21110003,-1.4678161,-1.3433406,-1.2752459,-1.3226298,-1.3787478,2.0513391,-1.2123511,1.8895111,1.9828414,1.8345098,1.8540579,-1.4787809,-1.3416988,-1.1765244,1.7327027,2.071565,-0.7592028,2.0205736,2.0430355
-1.4310033,-1.4074851,0.19794829,-1.4840691,-1.3551124,-1.2954386,-1.3469571,-1.3963288,2.0753999,-1.2269633,1.9147027,2.0109603,1.851926,1.8677961,-1.4912337,-1.3478707,-1.1873804,1.7360207,2.0868297,-0.7952847,2.043512,2.043038
-1.4422026,-1.4173326,0.18190761,-1.4937701,-1.3669976,-1.3101006,-1.3590633,-1.4055237,2.0754035,-1.2415476,1.9159758,2.0217743,1.8546966,1.8603605,-1.503635,-1.3588525,-1.2058396,1.7542279,2.1047435,-0.8228352,2.046101,2.0525532
-1.4534615,-1.4303504,0.16326393,-1.5035876,-1.3789418,-1.3246498,-1.373686,-1.4148868,2.0759645,-1.2550744,1.9338574,2.0204399,1.8670667,1.8877183,-1.5159822,-1.3699467,-1.221239,1.7685747,2.1158364,-0.85675865,2.0487537,2.0601556
-1.4647726,-1.4402473,0.14116019,-1.5135124,-1.3909346,-1.3355652,-1.3862504,-1.4244093,2.1015244,-1.2822645,1.9450388,2.0255678,1.881263,1.8959196,-1.528272,-1.3811424,-1.2390193,1.7966535,2.1411564,-0.8890228,2.0819387,2.064542
-1.4761249,-1.450272,0.11818151,-1.5235361,-1.4029666,-1.349844,-1.3984818,-1.4340812,2.1032758,-1.2951581,1.9511588,2.032797,1.8977481,1.9025137,-1.540501,-1.4010218,-1.2525032,1.7972416,2.1489336,-0.9197894,2.081905,2.066691
-1.4875124,-1.460415,0.10107516,-1.5336488,-1.408948,-1.3642561,-1.4033843,-1.4485767,2.110298,-1.3079075,1.9600035,2.039168,1.8944685,1.9086188,-1.5526674,-1.406575,-1.2660134,1.807996,2.1524565,-0.9536428,2.081905,2.0730388
-1.4989252,-1.470667,0.090930864,-1.5438421,-1.4382837,-1.3785467,-1.4158102,-1.462234,2.1119194,-1.3255695,1.9750237,2.0421693,1.8893998,1.9127316,-1.5647693,-1.4172044,-1.2795442,1.8294282,2.152635,-0.9794191,2.09793,2.078383
-1.5103558,-1.4810177,0.06497315,-1.5541077,-1.4477423,-1.3927141,-1.4282317,-1.471828,2.1285498,-1.3416942,1.9888885,2.0614142,1.9035779,1.9233931,-1.5768049,-1.4279372,-1.2937313,1.8419144,2.1706402,-0.9976688,2.1143825,2.090029
-1.4952679,-1.4914585,0.041960526,-1.564437,-1.4570758,-1.4067585,-1.4406463,-1.4812964,2.1358154,-1.3568882,1.9888717,2.1014428,1.9191678,1.9288651,-1.5925161,-1.4271926,-1.3124468,1.8641275,2.180593,-1.0238258,2.1300166,2.1044836
-1.5034832,-1.5019801,0.0062394645,-1.5748222,-1.4665551,-1.4206798,-1.4530426,-1.4908965,2.1507204,-1.3684788,2.0115752,2.1060174,1.9341576,1.9332082,-1.6041108,-1.4466016,-1.3238372,1.89739,2.1806042,-1.0470074,2.130043,2.1084576
-1.5119463,-1.5125729,-0.018569022,-1.585256,-1.4761705,-1.4344774,-1.4654146,-1.5006188,2.1553743,-1.3787917,2.0117555,2.1122365,1.9784725,1.9559331,-1.6156023,-1.4566233,-1.3187627,1.8959596,2.1995964,-1.0724058,2.1374142,2.119194
-1.5205693,-1.5288998,-0.043937027,-1.5957301,-1.4859128,-1.4432274,-1.477757,-1.5104542,2.1553743,-1.3904883,2.021862,2.1120384,1.9874952,1.9692475,-1.6270477,-1.4667604,-1.3276545,1.9188485,2.2010274,-1.092377,2.1392987,2.1209254
-1.5293437,-1.541046,-0.087628044,-1.6062384,-1.4957728,-1.4551687,-1.4900641,-1.5203937,2.1553743,-1.4036227,2.0265663,2.1102753,1.9875623,1.975616,-1.6384442,-1.4770038,-1.3320268,1.9179347,2.1993482,-1.1146176,2.1789002,2.1394725
-1.5382618,-1.5329471,-0.122922264,-1.6167723,-1.5057414,-1.4683354,-1.5023326,-1.530428,2.151289,-1.4152774,2.034648,2.1152444,2.0077171,1.9866685,-1.6497903,-1.4999725,-1.3325015,1.926651,2.205133,-1.1335267,2.1968203,2.1638453
-1.541774,-1.5404575,-0.16779807,-1.627328,-1.515809,-1.481408,-1.5145564,-1.5405484,2.1654317,-1.4269774,2.053961,2.128014,2.0176208,1.9909745,-1.6610838,-1.5086908,-1.3430859,1.9592321,2.209162,-1.1491174,2.2105515,2.1595128
-1.539889,-1.5496899,-0.20387183,-1.6379006,-1.525967,-1.494387,-1.5267333,-1.5507468,2.162684,-1.4387152,2.0577059,2.1259067,2.0276494,1.9981103,-1.6723238,-1.5479972,-1.3538085,1.992417,2.209162,-1.1700374,2.2198887,2.1530504
-1.5488001,-1.5590398,-0.25481275,-1.648481,-1.5362061,-1.5072708,-1.5388596,-1.5610136,2.1628635,-1.4504819,2.0754073,2.129173,2.0323894,2.0212035,-1.6835091,-1.5533204,-1.3646581,2.0029373,2.226263,-1.1894454,2.2217414,2.1609583
-1.5578432,-1.5684997,-0.2948699,-1.6590704,-1.5465178,-1.520059,-1.5503117,-1.5713416,2.1628635,-1.4622694,2.0788012,2.125415,2.0307384,2.0190446,-1.6946385,-1.5584002,-1.3756237,2.006481,2.2262907,-1.2221111,2.2329733,2.161909
-1.5670099,-1.5780598,-0.33528695,-1.6696597,-1.5568947,-1.532752,-1.562371,-1.5817226,2.1699517,-1.474069,2.0782952,2.125412,2.0466578,2.0311399,-1.70571,-1.5636775,-1.3665056,2.0286396,2.2262907,-1.252704,2.2462378,2.1678572
-1.5762914,-1.5877129,-0.37975487,-1.6802324,-1.5673271,-1.5453495,-1.5743682,-1.5921482,2.1699457,-1.4858686,2.086008,2.1359618,2.055086,2.0392208,-1.7167248,-1.5691535,-1.3762379,2.0395935,2.247687,-1.2640083,2.2450063,2.180841
-1.5856799,-1.5974498,-0.42365262,-1.6908025,-1.5778083,-1.5578514,-1.5863022,-1.602613,2.1699457,-1.4976681,2.091022,2.1489298,2.0552886,2.0483675,-1.7276801,-1.5748271,-1.3862439,2.0391147,2.2595196,-1.2753139,2.2566729,2.1832275
-1.5951669,-1.6072633,-0.47609988,-1.7013578,-1.5883304,-1.5727752,-1.5981711,-1.6131096,2.1699457,-1.5094677,2.1220994,2.1515138,2.060778,2.0489535,-1.7385774,-1.5806983,-1.3963948,2.0416987,2.2673774,-1.2859104,2.2566729,2.1785324
-1.6047437,-1.6171448,-0.5218841,-1.7118949,-1.5988866,-1.5848552,-1.6099734,-1.6236299,2.1721644,-1.5212524,2.1225662,2.1616683,2.0628114,2.0679028,-1.7494143,-1.5867646,-1.4066801,2.045783,2.26739,-1.3020126,2.2566729,2.1785324
-1.6144028,-1.6469055,-0.56780916,-1.7224116,-1.6094694,-1.5968586,-1.6217082,-1.634169,2.1721644,-1.5330191,2.1248963,2.162186,2.0724447,2.075275,-1.7601929,-1.5930245,-1.3956956,2.0532324,2.26739,-1.3239853,2.2566729,2.1917245
-1.6241357,-1.6565772,-0.60173047,-1.7329068,-1.6200732,-1.6087859,-1.6494583,-1.6687857,2.1731398,-1.5447614,2.1447108,2.162186,2.0704663,2.078913,-1.7709107,-1.5994747,-1.4066775,2.0548291,2.2774808,-1.3344785,2.2566729,2.1919558
-1.6339351,-1.6622953,-0.6318114,-1.7433741,-1.630694,-1.6206362,-1.6581831,-1.6762899,2.2012615,-1.5564762,2.1754968,2.162186,2.088496,2.090577,-1.7815697,-1.606112,-1.4155761,2.0594673,2.2816806,-1.351359,2.2777712,2.1954246
-1.6437936,-1.6681985,-0.66591465,-1.7538139,-1.6413172,-1.6324095,-1.650993,-1.6804544,2.201292,-1.5681589,2.1775694,2.1694722,2.0890782,2.1149065,-1.7921685,-1.6129326,-1.4246483,2.0777225,2.287463,-1.3622804,2.2777715,2.1949983
-1.6537039,-1.6742843,-0.7066306,-1.7642226,-1.651957,-1.6441059,-1.6398736,-1.684797,2.2100842,-1.5798055,2.2079647,2.1760826,2.0929146,2.1375556,-1.8027081,-1.6199319,-1.4338863,2.0862343,2.3064318,-1.3481998,2.2845082,2.1949983
-1.6636583,-1.6805503,-0.7543233,-1.7745982,-1.6625869,-1.6348417,-1.6434823,-1.6627747,2.2351627,-1.5914125,2.2080402,2.1849542,2.1206276,2.1352973,-1.8131884,-1.6271052,-1.4603183,2.1137187,2.3064318,-1.3506999,2.2921615,2.199188
-1.6736518,-1.6869925,-0.7822045,-1.7849388,-1.6732099,-1.630568,-1.6472622,-1.6661353,2.2407293,-1.6029769,2.210921,2.1917894,2.1218507,2.1352973,-1.8236095,-1.6344465,-1.4675864,2.1342208,2.3064318,-1.357112,2.2938523,2.21124
-1.6836778,-1.7164074,-0.80800706,-1.795243,-1.6838264,-1.6359116,-1.6349757,-1.6696606,2.2407513,-1.6144959,2.218109,2.1899426,2.1256874,2.1390986,-1.8339719,-1.6419506,-1.47496,2.1375058,2.327139,-1.3662736,2.2938569,2.2121813
-1.6937295,-1.7197671,-0.84150183,-1.8055098,-1.6944289,-1.6414452,-1.6387675,-1.6733532,2.2407513,-1.6259674,2.23769,2.1877992,2.1414165,2.1550624,-1.8442758,-1.6496108,-1.4825306,2.134554,2.3282354,-1.3662416,2.299332,2.2121813
-1.7038021,-1.7232882,-0.8605393,-1.8157364,-1.7050133,-1.6471677,-1.6429003,-1.6772171,2.2407513,-1.6373888,2.2310011,2.1879268,2.1414316,2.1622856,-1.8545215,-1.6574208,-1.4902924,2.1345778,2.3282354,-1.3681526,2.305173,2.2348168
-1.682396,-1.726974,-0.8890031,-1.8259228,-1.7369303,-1.6530772,-1.6472137,-1.6812549,2.2403734,-1.6487585,2.2309952,2.2068844,2.1575646,2.1688094,-1.8647102,-1.6653737,-1.498239,2.1345778,2.3282354,-1.3755673,2.330951,2.2447207
-1.6873925,-1.7308273,-0.9171744,-1.8360682,-1.7430668,-1.6591718,-1.6517099,-1.6854695,2.2521448,-1.660075,2.240923,2.2241683,2.1575646,2.1688094,-1.874841,-1.6734626,-1.5063645,2.1453247,2.3282354,-1.3831998,2.3421204,2.2516854
-1.6926228,-1.7348512,-0.93900096,-1.8461707,-1.7493635,-1.6654484,-1.6563907,-1.6898627,2.2605917,-1.671336,2.243474,2.2267246,2.1575646,2.1698077,-1.8849157,-1.68168,-1.5146617,2.1519623,2.338451,-1.3910464,2.3550117,2.2545059
-1.6980363,-1.7390482,-0.96237105,-1.8562303,-1.7558252,-1.6719037,-1.6612573,-1.6944362,2.2623386,-1.6825409,2.2551444,2.2290652,2.1575646,2.177392,-1.8949344,-1.6900189,-1.5231233,2.1513536,2.3383899,-1.3963903,2.3655317,2.2824802
-1.7036324,-1.7434196,-0.9743535,-1.8662466,-1.762447,-1.6785336,-1.6663102,-1.6991918,2.2747846,-1.6936892,2.2549152,2.2290652,2.1606934,2.177392,-1.904897,-1.7231636,-1.5317409,2.1764896,2.335769,-1.4040098,2.3655317,2.28249
-1.709409,-1.7479669,-1.0010723,-1.8762176,-1.7692246,-1.7082561,-1.6715494,-1.7041297,2.275108,-1.7047783,2.2565405,2.239879,2.1606934,2.177392,-1.914805,-1.7261959,-1.5405073,2.1933134,2.335769,-1.4170998,2.3655317,2.28249
-1.7153636,-1.7526908,-1.0196155,-1.8861448,-1.7761521,-1.7118846,-1.6769747,-1.7092499,2.2715952,-1.7158097,2.2524161,2.24094,2.1867676,2.1914098,-1.9246589,-1.7293807,-1.549414,2.1936245,2.3782442,-1.436016,2.3835473,2.28249
-1.721494,-1.7575918,-1.0386177,-1.8960271,-1.783225,-1.7156804,-1.6825845,-1.714551,2.2739275,-1.7267807,2.268884,2.240786,2.1974223,2.1927168,-1.9344587,-1.732722,-1.5584524,2.2106154,2.378247,-1.4582824,2.3926015,2.291152
-1.7277963,-1.7626696,-1.0596423,-1.9058633,-1.7904369,-1.7196465,-1.688378,-1.720033,2.2740197,-1.737693,2.275411,2.240786,2.1961172,2.2029114,-1.9442049,-1.7362239,-1.5676148,2.2202659,2.378247,-1.4634938,2.3926044,2.292414
-1.7342666,-1.7679238,-1.0832623,-1.9156544,-1.7977818,-1.7237854,-1.694352,-1.7521269,2.2720976,-1.7485445,2.28645,2.240786,2.1960473,2.202945,-1.9538987,-1.7398893,-1.5768923,2.2364357,2.378247,-1.4689099,2.3926044,2.292414
-1.7409008,-1.7733527,-1.1046687,-1.9254005,-1.8052535,-1.7280997,-1.7005043,-1.7540351,2.2582498,-1.7593361,2.28645,2.2663827,2.2005568,2.2185726,-1.9635404,-1.7437212,-1.5862762,2.2364357,2.375265,-1.4745364,2.4006019,2.292414
-1.720409,-1.7789546,-1.1236887,-1.9351001,-1.8128461,-1.7325903,-1.7068316,-1.7560537,2.258236,-1.7700675,2.28645,2.266431,2.2073557,2.234107,-1.9731308,-1.7477225,-1.5957587,2.247459,2.3969,-1.4806688,2.4006038,2.3010342
-1.7252301,-1.7847276,-1.1431668,-1.9447541,-1.8205527,-1.7372588,-1.7133299,-1.7581888,2.258236,-1.780738,2.3147101,2.266431,2.2073557,2.2512133,-1.9826705,-1.7518952,-1.6053311,2.247459,2.40084,-1.4867047,2.4006038,2.3036108
-1.7302434,-1.7906682,-1.1526057,-1.9543629,-1.828367,-1.7421054,-1.7199951,-1.7604451,2.258236,-1.7913492,2.3125877,2.28717,2.2248368,2.2629163,-1.99216,-1.7562416,-1.6149853,2.247459,2.40084,-1.492949,2.4006038,2.3036108
-1.7354366,-1.7967738,-1.1589139,-1.9639263,-1.8362821,-1.7471304,-1.7268226,-1.7628268,2.2911742,-1.8018992,2.3125877,2.2871752,2.2256975,2.2632926,-2.001599,-1.7607625,-1.6247141,2.2625258,2.40084,-1.4994001,2.4006038,2.3022625
-1.7408086,-1.8030398,-1.1666372,-1.9734435,-1.844292,-1.7523332,-1.7338071,-1.7653391,2.2911742,-1.8123901,2.3059564,2.2871752,2.2310736,2.2632926,-2.0109916,-1.7654588,-1.6487657,2.2625623,2.40084,-1.5060552,2.4094138,2.3022625
-1.7463578,-1.809463,-1.186309,-1.9829161,-1.8523899,-1.7577128,-1.7409432,-1.7679865,2.3002198,-1.822821,2.3059564,2.2871752,2.2413857,2.2632926,-2.020333,-1.7703309,-1.6661992,2.2625623,2.4095273,-1.5129117,2.4095342,2.3138926
-1.7520827,-1.8160384,-1.2007924,-1.9923441,-1.8605697,-1.7632679,-1.748225,-1.7707735,2.3002198,-1.8331931,2.3151472,2.3161027,2.2587583,2.2798343,-2.029628,-1.7753785,-1.6703441,2.2625623,2.4202125,-1.5199652,2.4095342,2.3298254
-1.7579805,-1.822761,-1.2159727,-2.0017278,-1.8688246,-1.7689962,-1.7556465,-1.773704,2.3162022,-1.8435059,2.30362,2.316105,2.2587583,2.2815607,-2.038877,-1.7806013,-1.6746676,2.2709858,2.4210522,-1.5272115,2.3997889,2.3568382
-1.7640483,-1.8296255,-1.2312958,-2.0110636,-1.877149,-1.7748954,-1.7632014,-1.7767825,2.3162022,-1.8537606,2.30362,2.3260303,2.2755466,2.317062,-2.0480764,-1.7859975,-1.6791723,2.2746108,2.4210522,-1.5346456,2.3997889,2.368531
-1.7702826,-1.8366266,-1.2456677,-2.0203576,-1.8855367,-1.7809619,-1.7708833,-1.7800131,2.3162022,-1.8639569,2.3058646,2.3296075,2.2757068,2.3312156,-2.057233,-1.7915657,-1.6838593,2.2908535,2.440391,-1.5422618,2.3997889,2.368531
-1.7766795,-1.843759,-1.2544404,-2.0296102,-1.893982,-1.7871921,-1.7786857,-1.783399,2.3343153,-1.8740966,2.3058646,2.3530145,2.2770562,2.3415165,-2.0663428,-1.7973034,-1.6887295,2.299565,2.4403932,-1.5500547,2.4442556,2.368531
-1.7832345,-1.8510156,-1.2447954,-2.038814,-1.9024794,-1.7935829,-1.7866017,-1.7869438,2.3529882,-1.8841783,2.2918987,2.3530488,2.2815335,2.3444755,-2.0754066,-1.803208,-1.6937833,2.3112319,2.4540143,-1.558017,2.4442585,2.368531
-1.7899431,-1.8583913,-1.2497101,-2.0479765,-1.9110227,-1.8001289,-1.7946242,-1.7906504,2.361321,-1.8942041,2.2927601,2.35693,2.2936835,2.3444755,-2.0844288,-1.7917649,-1.6990206,2.3286986,2.4540143,-1.5661424,2.467012,2.368531
-1.7968003,-1.8658794,-1.2593746,-2.0570982,-1.9196084,-1.8068256,-1.8027474,-1.7945216,2.362776,-1.9041746,2.2927601,2.3569388,2.2936835,2.3444755,-2.093407,-1.7977169,-1.7044407,2.3282423,2.4540143,-1.5744236,2.4790654,2.3759453
-1.8038002,-1.873474,-1.2698305,-2.0661762,-1.9543291,-1.8136683,-1.8109635,-1.7985593,2.3806343,-1.9140887,2.3191273,2.3710737,2.3113928,2.3444755,-2.1023393,-1.8038324,-1.7100422,2.3377633,2.4540143,-1.5828528,2.4790654,2.375965
-1.8109378,-1.8811684,-1.2853824,-2.0752096,-1.9548503,-1.8206509,-1.8192668,-1.8027656,2.3806343,-1.9239486,2.3191273,2.371076,2.304632,2.3444755,-2.1112309,-1.8101077,-1.7158234,2.3386137,2.4540143,-1.5914228,2.4790654,2.4071834
-1.8182068,-1.8889569,-1.2949089,-2.0842028,-1.955406,-1.8277684,-1.8276507,-1.8071419,2.3806343,-1.9337548,2.3199165,2.3785205,2.3046322,2.3444755,-2.1200821,-1.8165383,-1.7217818,2.3386137,2.4540143,-1.6001252,2.4790654,2.4362001
-1.8256007,-1.896833,-1.3045326,-2.093156,-1.9559989,-1.8350146,-1.836108,-1.8116891,2.397146,-1.9435076,2.3200026,2.3785274,2.301318,2.3470044,-2.1288903,-1.8231199,-1.7279148,2.3386137,2.4540143,-1.6089526,2.484673,2.4362586
-1.833114,-1.9047902,-1.3143184,-2.1020687,-1.9566338,-1.842383,-1.8446331,-1.8164077,2.4045134,-1.9532075,2.3200026,2.3785274,2.301318,2.3470044,-2.1376557,-1.829847,-1.7342186,2.3715837,2.4477692,-1.6178967,2.4847674,2.4362586
-1.84074,-1.9128231,-1.3159301,-2.1109369,-1.9573102,-1.8498678,-1.853219,-1.8212973,2.4004598,-1.9628546,2.3266716,2.3785274,2.3078625,2.3470044,-2.1463819,-1.8367153,-1.7406895,2.3715866,2.4477692,-1.6269494,2.4847674,2.4362586
-1.8484721,-1.9209254,-1.326157,-2.119766,-1.9580327,-1.8574629,-1.8618613,-1.8263572,2.400458,-1.9724504,2.3266716,2.3958125,2.3043172,2.3470044,-2.1550689,-1.8437183,-1.7473232,2.3715866,2.4477692,-1.6479558,2.4847674,2.4574344
-1.8563039,-1.9290911,-1.336544,-2.1285563,-1.9588037,-1.8651617,-1.8705527,-1.8315865,2.4183517,-1.9819951,2.3384006,2.3960924,2.303118,2.3470044,-2.1637173,-1.8508509,-1.754115,2.3715866,2.4558601,-1.6404577,2.4847674,2.4789455
-1.8642293,-1.9373156,-1.3399631,-2.1373076,-1.9596252,-1.8729575,-1.8792896,-1.8369839,2.418671,-1.9914896,2.3370144,2.3960924,2.2985919,2.3470044,-2.1723268,-1.8581069,-1.7610595,2.3715866,2.4602246,-1.6479989,2.4847674,2.4789765
-1.8722417,-1.9455924,-1.3501956,-2.1460207,-1.960502,-1.880845,-1.888065,-1.842547,2.418668,-2.0009334,2.3353813,2.3960924,2.2934232,2.3547816,-2.1808946,-1.86548,-1.7681515,2.3715866,2.4602246,-1.6556941,2.4847674,2.4789765
-1.880335,-1.9539161,-1.3610479,-2.154693,-1.9614356,-1.888817,-1.8968747,-1.848273,2.4280956,-2.0103292,2.3353813,2.3960924,2.2934232,2.3547816,-2.1894248,-1.872964,-1.7753848,2.3715866,2.4602246,-1.6635365,2.4847674,2.4789765
-1.8885032,-1.9622835,-1.3721594,-2.1633258,-1.9624301,-1.8968676,-1.9057128,-1.8541596,2.4280956,-2.0196772,2.3353813,2.4102108,2.2934232,2.369123,-2.1979177,-1.8805531,-1.7827538,2.4000459,2.4602246,-1.6715192,2.4847674,2.4872642
-1.8967398,-1.9706877,-1.38337,-2.1719215,-1.9634886,-1.9049909,-1.9145774,-1.8602024,2.4535775,-2.0289752,2.3353813,2.4224048,2.2811348,2.404111,-2.206374,-1.8882414,-1.7902521,2.4000459,2.4602246,-1.6796349,2.4847674,2.487307
-1.905039,-1.9791249,-1.3946693,-2.18048,-1.9646147,-1.9131812,-1.9234616,-1.866398,2.4536862,-2.03823,2.3353813,2.4224048,2.2811348,2.4043195,-2.2147934,-1.8960214,-1.7978733,2.4000459,2.4602284,-1.687877,2.4847674,2.498922
-1.9133961,-1.9875898,-1.4142919,-2.1890018,-1.9658118,-1.9214319,-1.9323624,-1.8727417,2.4536862,-2.0474327,2.3353813,2.4224048,2.2811348,2.4043195,-2.2231767,-1.9038881,-1.8056108,2.4061697,2.4602284,-1.696238,2.4847674,2.498922
-1.9218042,-1.9960808,-1.4248165,-2.1974869,-1.9670849,-1.9297385,-1.9412736,-1.8792292,2.4536862,-2.0565925,2.335198,2.4224048,2.3228924,2.4533293,-2.2315242,-1.9118353,-1.8134583,2.4061697,2.4772587,-1.7047104,2.4847674,2.498922
-1.9302589,-2.004586,-1.4302483,-2.2059357,-1.9684366,-1.9380945,-1.9501989,-1.8858553,2.4536862,-2.0657084,2.335198,2.4224048,2.328564,2.4534516,-2.239836,-1.9198562,-1.821409,2.4061697,2.4772587,-1.7132869,2.4847674,2.498922
-1.9387543,-2.0131207,-1.4410344,-2.2143486,-1.9698712,-1.9464965,-1.9591242,-1.8926152,2.4536862,-2.0747752,2.337182,2.4654198,2.3367841,2.4534516,-2.2481127,-1.9279455,-1.8294561,2.4040637,2.4772587,-1.72196,2.4847674,2.5190158
-1.9472865,-2.0216594,-1.4520106,-2.2227256,-1.9713929,-1.9549373,-1.9680495,-1.8995028,2.4536862,-2.0838003,2.351621,2.469732,2.3368018,2.4534516,-2.2563543,-1.9360973,-1.8375938,2.4040637,2.4772587,-1.7307228,2.5066378,2.5287607
-1.9558505,-2.030198,-1.4630554,-2.2310674,-1.9730058,-1.9634136,-1.9769748,-1.9065131,2.4706988,-2.092784,2.3681264,2.469732,2.3368018,2.4534516,-2.2645612,-1.9443064,-1.8458147,2.4040637,2.5052125,-1.7395675,2.5066378,2.5377545
-1.9644423,-2.0387685,-1.4741591,-2.239374,-1.9747139,-1.9719207,-1.9859002,-1.9136401,2.4783318,-2.1017191,2.3681264,2.469732,2.3368018,2.462314,-2.2727337,-1.9525669,-1.8541133,2.4040637,2.505234,-1.7484884,2.5066378,2.5399635
-1.9730567,-2.0473409,-1.4853134,-2.2476456,-1.9765221,-1.980453,-1.9948255,-1.920878,2.4832344,-2.1106136,2.3554177,2.469732,2.3364246,2.4880126,-2.2808723,-1.9608731,-1.8624828,2.3953757,2.505234,-1.7574776,2.5066378,2.5399652
-1.98169,-2.0559132,-1.5182065,-2.2558827,-1.9784341,-1.9890077,-2.0037355,-1.9282207,2.4832344,-2.1194675,2.3545272,2.469732,2.336003,2.488014,-2.2889771,-1.9692225,-1.8709168,2.3953757,2.505234,-1.7665291,2.5066378,2.5641189
-1.990339,-2.0644855,-1.5241653,-2.2640858,-1.9804538,-1.9975809,-2.012644,-1.9356619,2.4863665,-2.1282814,2.3642592,2.469732,2.336003,2.488014,-2.2970486,-1.977608,-1.8794107,2.3953757,2.5319324,-1.7756358,2.518383,2.5645173
-1.9989965,-2.073034,-1.530327,-2.272255,-1.9825864,-2.006173,-2.0215318,-1.9431965,2.5043762,-2.1370494,2.3642685,2.469732,2.335273,2.488014,-2.305087,-1.9860251,-1.8879575,2.4169807,2.5320354,-1.7847925,2.518383,2.5645173
-2.0076697,-2.0815728,-1.5366898,-2.2803903,-1.9848351,-2.0147789,-2.0304067,-1.9508178,2.53525,-2.1457782,2.3642685,2.469732,2.335273,2.488014,-2.3130927,-1.994471,-1.8965516,2.421942,2.5320354,-1.7939918,2.518383,2.5645173
-2.0163429,-2.0901115,-1.5687233,-2.2884924,-1.9872047,-2.0233848,-2.0392687,-1.9585197,2.5371406,-2.1544678,2.3642685,2.5144324,2.3472824,2.488014,-2.321066,-2.0029387,-1.9051892,2.4336739,2.5320354,-1.8032299,2.518383,2.5645173
-2.025016,-2.0986502,-1.571696,-2.2965615,-1.9896989,-2.0319908,-2.04811,-1.9662975,2.5371406,-2.1631188,2.3861716,2.5158882,2.3697703,2.488014,-2.329007,-2.0114295,-1.9138637,2.4559321,2.5320354,-1.8125002,2.518383,2.5645173
-2.0336893,-2.107168,-1.5550953,-2.3045976,-1.9923213,-2.0405967,-2.0569332,-1.9741445,2.5371406,-2.1717315,2.3846097,2.5158882,2.3697917,2.488014,-2.336916,-2.0199347,-1.9225708,2.4563541,2.547539,-1.8217988,2.518383,2.5645173
-2.0423625,-2.115673,-1.5580393,-2.3126013,-1.9950758,-2.0492027,-2.0657408,-1.9820551,2.5371406,-2.1803038,2.384607,2.5158882,2.3708718,2.488014,-2.3447933,-2.0284462,-1.9313049,2.4563541,2.5515764,-1.8311193,2.518383,2.5645173
-2.0510356,-2.1241708,-1.5611392,-2.3205729,-1.9979659,-2.0578086,-2.0745182,-1.990025,2.5371406,-2.1888366,2.3929865,2.5158882,2.370726,2.488014,-2.3526392,-2.036985,-1.9400644,2.4563541,2.5515764,-1.8404577,2.518383,2.5579963
-2.0597076,-2.1326423,-1.5644006,-2.3285124,-2.0009944,-2.0664146,-2.083279,-1.9980482,2.549665,-2.1973321,2.3929865,2.5358424,2.3767715,2.488014,-2.3604538,-2.0455236,-1.948843,2.4563541,2.5515764,-1.8498086,2.518383,2.5579963
-2.0683472,-2.141106,-1.5678278,-2.3364203,-2.0041645,-2.0750206,-2.0920193,-2.006119,2.549665,-2.2057908,2.3929865,2.5358424,2.3767715,2.488014,-2.3682375,-2.0540624,-1.9576356,2.4619977,2.5515764,-1.8591709,2.518383,2.5579963
-2.0769868,-2.1495438,-1.5714254,-2.3442967,-2.0074804,-2.083609,-2.1007266,-2.0142348,2.549665,-2.214213,2.3929865,2.5358424,2.3834782,2.488014,-2.3759904,-2.062601,-1.9664433,2.4619977,2.5515764,-1.8685333,2.5476081,2.5579963
-2.08562,-2.1579657,-1.5751977,-2.3521419,-2.0109425,-2.0921814,-2.109412,-2.0223885,2.549665,-2.2225988,2.3929865,2.5358424,2.3802047,2.488014,-2.3837128,-2.0711398,-1.9752556,2.4619977,2.5515764,-1.8778956,2.5476084,2.5579963
-2.094226,-2.16637,-1.5791483,-2.359956,-2.014553,-2.1007538,-2.1180737,-2.0305767,2.549665,-2.2309487,2.3707545,2.5358424,2.3796456,2.4852839,-2.3914046,-2.0796785,-1.9840801,2.4619977,2.5515764,-1.8872579,2.568226,2.5579963
-2.1028297,-2.1747456,-1.583281,-2.3677394,-2.018315,-2.109298,-2.1267104,-2.0387948,2.549665,-2.239263,2.39467,2.5358424,2.3796456,2.5034933,-2.3990662,-2.0882118,-1.9929045,2.4619977,2.5732007,-1.8966203,2.5682373,2.5579963
-2.111402,-2.1831052,-1.5875988,-2.3754923,-2.0222285,-2.1178367,-2.1353164,-2.0470352,2.549665,-2.2475421,2.3946922,2.5358424,2.3749058,2.5035043,-2.4066973,-2.096717,-2.0017257,2.4619977,2.5719576,-1.9059795,2.5682373,2.5856733
-2.1199663,-2.1914423,-1.5921043,-2.383215,-2.0262952,-2.12635,-2.1438935,-2.055305,2.538376,-2.2557862,2.3946922,2.5356517,2.3749058,2.5035043,-2.4142952,-2.105222,-2.0105333,2.4619977,2.571953,-1.915325,2.5682373,2.5856736
-2.128505,-2.19975,-1.5967995,-2.3909073,-2.0305147,-2.134855,-2.152444,-2.0635884,2.53781,-2.2639956,2.3946922,2.5356517,2.3766341,2.5035043,-2.4218628,-2.113727,-2.019341,2.4619977,2.571953,-1.9246588,2.5682373,2.606516
-2.137024,-2.2080376,-1.6288056,-2.3985693,-2.0348868,-2.1433282,-2.1609666,-2.0718918,2.53781,-2.2721708,2.3946922,2.5356517,2.392266,2.5035043,-2.4294004,-2.1221998,-2.0281487,2.480121,2.571953,-1.9339784,2.5682373,2.606536
-2.1455276,-2.216304,-1.630606,-2.4062004,-2.0394123,-2.1517897,-2.1694615,-2.0801952,2.53781,-2.2803118,2.4224622,2.5356517,2.392266,2.5343156,-2.436908,-2.1306713,-2.0369482,2.48015,2.571953,-1.9432813,2.5682373,2.606536
-2.153999,-2.2245402,-1.6325066,-2.4137988,-2.0440884,-2.1602275,-2.177928,-2.0885189,2.53781,-2.2884192,2.4231133,2.5356517,2.4064205,2.5343184,-2.4443855,-2.1391191,-2.0457222,2.48015,2.571953,-1.9525657,2.5823333,2.606536
-2.1624508,-2.2327504,-1.6345204,-2.4213672,-2.0489159,-2.16864,-2.1863656,-2.0968559,2.53781,-2.296493,2.4231133,2.5356517,2.4083416,2.5343184,-2.451833,-2.147557,-2.0544963,2.48015,2.6027744,-1.9618303,2.5899372,2.606536
-2.1708822,-2.2409372,-1.6432863,-2.4289057,-2.0538917,-2.1770344,-2.1947699,-2.105193,2.53781,-2.304534,2.4231133,2.5356517,2.4091434,2.5487378,-2.4592502,-2.1559684,-2.0632439,2.48015,2.6027744,-1.9710703,2.612019,2.606536
-2.1792865,-2.2491,-1.6453973,-2.4364142,-2.0590131,-2.185405,-2.2031448,-2.11353,2.53781,-2.312542,2.4231133,2.5356517,2.4091434,2.5436504,-2.4666371,-2.1643705,-2.0719843,2.48015,2.6027744,-1.9802887,2.6123214,2.606536
-2.1876626,-2.2572353,-1.6476301,-2.443893,-2.06428,-2.1937459,-2.2114904,-2.121867,2.5420382,-2.3205175,2.4231133,2.5356517,2.4378502,2.5435648,-2.4739938,-2.1727412,-2.0806966,2.48015,2.6027744,-1.9894813,2.6123214,2.606536
-2.1960156,-2.2653399,-1.6499906,-2.4513416,-2.0696871,-2.2020652,-2.2198064,-2.130199,2.5420382,-2.328461,2.4231133,2.5356517,2.437859,2.5435648,-2.4813197,-2.181096,-2.089399,2.4609995,2.6027744,-1.9986491,2.6123214,2.606536
-2.2043445,-2.2734191,-1.6524832,-2.4587603,-2.075232,-2.210362,-2.228093,-2.1385024,2.5420382,-2.3363724,2.4231133,2.566502,2.437859,2.5435648,-2.4886146,-2.189433,-2.0980723,2.4609973,2.6027744,-2.0077922,2.6123214,2.606536
-2.212648,-2.281473,-1.6551132,-2.4661486,-2.080911,-2.2186317,-2.2363498,-2.1468058,2.5420382,-2.344252,2.4231133,2.5665796,2.437859,2.5435648,-2.4958758,-2.1977382,-2.1067266,2.4916544,2.6027744,-2.0169024,2.6123214,2.606536
-2.2209187,-2.2895007,-1.6578854,-2.4735065,-2.0867193,-2.2268713,-2.244577,-2.1551092,2.5420382,-2.3521004,2.4231133,2.5665796,2.4381714,2.5435648,-2.503106,-2.2060246,-2.1153631,2.4918807,2.6027744,-2.0259833,2.6123214,2.606536
-2.229164,-2.2975016,-1.6608047,-2.4808338,-2.0926538,-2.2350864,-2.2527742,-2.1634035,2.5420382,-2.3599174,2.4273877,2.5665796,2.4381816,2.5435648,-2.5103047,-2.2142909,-2.123969,2.4918807,2.6027744,-2.0350354,2.6123214,2.606536
-2.2373831,-2.3054698,-1.6638758,-2.4881287,-2.0987105,-2.2432766,-2.260942,-2.1716733,2.5420382,-2.3677034,2.4273877,2.5665796,2.4410167,2.5435648,-2.5174716,-2.222527,-2.1325514,2.4918807,2.6027744,-2.0440576,2.6123214,2.606536
-2.2455761,-2.3134115,-1.667103,-2.4953916,-2.104883,-2.2514412,-2.2690773,-2.179943,2.5420382,-2.3754587,2.4273877,2.5665796,2.441018,2.5435648,-2.5246062,-2.2307382,-2.1411116,2.4918807,2.6027744,-2.053049,2.6123214,2.606536
-2.2537425,-2.3213267,-1.6704906,-2.5026233,-2.1111672,-2.2595766,-2.2771816,-2.1881857,2.5420382,-2.3831835,2.4273877,2.5665796,2.441018,2.5435648,-2.5317082,-2.238927,-2.1496482,2.518929,2.6027744,-2.0620093,2.6123214,2.606536
-2.2618778,-2.3292153,-1.6740427,-2.5098236,-2.1175592,-2.2676818,-2.2852564,-2.1964219,2.5420382,-2.3908777,2.4273877,2.5665796,2.441018,2.5435648,-2.538777,-2.247092,-2.1581533,2.518929,2.6027744,-2.0709376,2.6123214,2.606536
-2.2699835,-2.337077,-1.6777627,-2.516992,-2.1430407,-2.275761,-2.2933013,-2.2046325,2.5420382,-2.3985417,2.4273877,2.5807693,2.441018,2.5435648,-2.5458126,-2.2552273,-2.1666315,2.518929,2.6027744,-2.0798337,2.6123214,2.606536
-2.278062,-2.3449097,-1.6816542,-2.5241284,-2.1554427,-2.2838135,-2.3013167,-2.212835,2.5646136,-2.4061728,2.4273877,2.5807693,2.4452593,2.5435648,-2.552814,-2.263335,-2.175084,2.5191734,2.6027744,-2.0886972,2.6123214,2.606536
-2.2861133,-2.3527107,-1.68572,-2.5312324,-2.1554763,-2.2918394,-2.3093028,-2.2210062,2.5646136,-2.4137728,2.4273877,2.5807693,2.4452703,2.5435648,-2.559781,-2.2714179,-2.1835103,2.5191734,2.6027744,-2.0975277,2.6123214,2.606536
-2.294137,-2.3604848,-1.6899621,-2.5383031,-2.155524,-2.2998383,-2.3172596,-2.2291667,2.5646136,-2.4213428,2.4273877,2.5807693,2.4452703,2.5435648,-2.566713,-2.2794757,-2.1919096,2.5191734,2.6027744,-2.106325,2.6123214,2.636275
-2.302133,-2.3682318,-1.6943831,-2.5453405,-2.1555912,-2.3078055,-2.325187,-2.237302,2.5646136,-2.4288828,2.4273877,2.5807693,2.4452703,2.5435648,-2.5736096,-2.287508,-2.2002802,2.5191734,2.6027744,-2.115089,2.6123214,2.6362762
-2.3101003,-2.3759515,-1.6989845,-2.5523438,-2.1556585,-2.315744,-2.333085,-2.2454154,2.5646136,-2.4363928,2.4063468,2.5807693,2.4452703,2.5435648,-2.5804694,-2.2955089,-2.2086186,2.5191734,2.6027744,-2.1238194,2.6123214,2.6362762
-2.3180351,-2.3836439,-1.7037672,-2.5593128,-2.1557257,-2.3236551,-2.3409514,-2.2535126,2.5646136,-2.4438727,2.406113,2.5807693,2.4452703,2.5435648,-2.5872896,-2.3034818,-2.2169292,2.5191734,2.6027744,-2.1325164,2.6123214,2.6495411
-2.3259423,-2.3913085,-1.708732,-2.5662467,-2.155793,-2.3315392,-2.3487868,-2.2615807,2.5646136,-2.4513226,2.406113,2.5905735,2.4452703,2.5435648,-2.5940719,-2.3114288,-2.2252119,2.5161917,2.6027744,-2.1411798,2.6123214,2.6747758
-2.3338218,-2.3989398,-1.7138779,-2.5731452,-2.1558602,-2.3393958,-2.3565931,-2.2696261,2.5646136,-2.4587421,2.4075363,2.5905745,2.4452703,2.5435648,-2.600816,-2.3193495,-2.2334661,2.5159829,2.6324916,-2.1498096,2.6123214,2.674799
-2.3416734,-2.4065437,-1.7192056,-2.5800076,-2.1559274,-2.347225,-2.3643706,-2.2776523,2.5646136,-2.4661314,2.4075363,2.5905745,2.451684,2.5635998,-2.6075213,-2.3272438,-2.241692,2.5159829,2.6328998,-2.1584058,2.6123214,2.674799
-2.3494973,-2.41412,-1.7247134,-2.586831,-2.1559985,-2.355024,-2.372119,-2.285653,2.5646136,-2.4734902,2.4075363,2.5905745,2.4639907,2.563799,-2.614187,-2.3351102,-2.2498894,2.536374,2.6379528,-2.1669683,2.6123214,2.674799
-2.3572934,-2.4216683,-1.7303995,-2.5936155,-2.1560993,-2.3627923,-2.3798385,-2.293625,2.5646136,-2.4808185,2.4075363,2.5905745,2.4639907,2.563799,-2.6208093,-2.3429444,-2.2580578,2.536374,2.6379528,-2.1754975,2.6123214,2.6915162
-2.365059,-2.4291887,-1.7362621,-2.6003618,-2.1562002,-2.370533,-2.3875294,-2.3015757,2.5646136,-2.4881134,2.4075363,2.5960388,2.4639907,2.563799,-2.6273873,-2.3507519,-2.2661932,2.536374,2.6379528,-2.183993,2.6123214,2.7028062
-2.3727934,-2.436681,-1.7422981,-2.6070693,-2.156301,-2.378246,-2.3951914,-2.3095038,2.5646136,-2.495377,2.4075363,2.6194565,2.4639907,2.563799,-2.6339238,-2.3585324,-2.2742994,2.536374,2.6379528,-2.1924553,2.640903,2.7028158
-2.3805,-2.444144,-1.7485045,-2.613737,-2.1564019,-2.3859315,-2.4028225,-2.3174038,2.5646136,-2.5026095,2.4377625,2.6194565,2.4639907,2.563799,-2.640416,-2.366286,-2.2823768,2.536374,2.6379528,-2.2008843,2.6415725,2.7028158
-2.3881788,-2.4515743,-1.7548776,-2.6203637,-2.1565123,-2.3935893,-2.410422,-2.3252754,2.5646136,-2.5098104,2.4377885,2.6194565,2.4639907,2.563799,-2.6468587,-2.3740125,-2.2904253,2.558476,2.6379528,-2.2092803,2.6415725,2.7028158
-2.3958294,-2.458976,-1.7614127,-2.6269438,-2.1566467,-2.4012191,-2.4179928,-2.3331234,2.5646136,-2.5169797,2.4377885,2.6194565,2.4639907,2.563799,-2.6532578,-2.3817108,-2.298445,2.5660748,2.6379528,-2.217643,2.6415725,2.7028158
-2.4034522,-2.4663491,-1.7681061,-2.6334825,-2.1567812,-2.4088166,-2.4255347,-2.3409476,2.5646136,-2.5241168,2.4450004,2.6194565,2.4639907,2.563799,-2.6596043,-2.3893764,-2.3064358,2.5660748,2.6379528,-2.2259731,2.6704218,2.7028158
-2.4110467,-2.4736931,-1.774952,-2.639979,-2.1569157,-2.416385,-2.4330478,-2.3487468,2.5646136,-2.5312212,2.445001,2.6194565,2.4639907,2.563799,-2.6659043,-2.3970149,-2.3143978,2.5660748,2.6379528,-2.2342706,2.6704218,2.7028158
-2.4186106,-2.4810076,-1.7819455,-2.6464238,-2.1570723,-2.4239254,-2.4405317,-2.356513,2.535448,-2.5382924,2.445001,2.6194565,2.4639907,2.563799,-2.6721494,-2.404626,-2.3223312,2.562243,2.6379528,-2.2425354,2.6704218,2.7028158
-2.4261432,-2.4882925,-1.7890807,-2.6528254,-2.1572404,-2.4314377,-2.4479866,-2.3642545,2.5354404,-2.5453303,2.445001,2.6228466,2.4639907,2.563799,-2.6783452,-2.4122095,-2.3302312,2.562243,2.6379528,-2.2507677,2.6704218,2.7028158
-2.4336476,-2.495547,-1.7963516,-2.6591763,-2.1574085,-2.4389217,-2.4554121,-2.371971,2.5311155,-2.552334,2.445001,2.6373754,2.4639907,2.5908747,-2.684483,-2.4197652,-2.3381023,2.562243,2.6379528,-2.258968,2.6704218,2.7028158
